PT. SINAR PURE FOODS INTERNATIONAL;;;;;;;;;;;;;;;;
Purchase Order (PO) Register Per Item;;;;;;;;;;;;;;;;
As of February 11, 2026;;;;;;;;;;;;;;;;
;;;;;;;;;;;;;;;;
Item;;;Current Month;;;;;;;Year to Date;;;;;;
Code;Description;Unit;Quantity;IDR;PHP;EUR;GBP;USD;YEN;Quantity;IDR;PHP;EUR;GBP;USD;YEN
00549;Price adjustment of 3468 pcs loining tray under PO 66333 due to change of delivery terms to CFR Bitung ;LOT;0,00;0,00;0,00;0,00;0,00;0,00;0,00;1,00;0,00;0,00;0,00;0,00;1.900,00;0,00
00550;Price adjustment of 5100 pcs carton under PO-066299 due to cost of wrapping;LOT;0,00;0,00;0,00;0,00;0,00;0,00;0,00;1,00;255.000,00;0,00;0,00;0,00;0,00;0,00
00551;Price adjustment of 6740 pcs carton under PO-066300 due to cost of wrapping;LOT;0,00;0,00;0,00;0,00;0,00;0,00;0,00;1,00;337.000,00;0,00;0,00;0,00;0,00;0,00
01238;SERVICE BERKALA KENDARAAN DAIHATSU GRANDMAX;LOT;1,00;800.000,00;0,00;0,00;0,00;0,00;0,00;1,00;800.000,00;0,00;0,00;0,00;0,00;0,00
02430;SLC for Penerbitan Sertifikat Ijin Operasi Forklift from Depnaker ;UNIT;0,00;0,00;0,00;0,00;0,00;0,00;0,00;9,00;22.072.500,00;0,00;0,00;0,00;0,00;0,00
02431;SLC For Penerbitan Sertifikat Ijin Operasi Air Compressor from Depnaker ;UNIT;3,00;8.829.000,00;0,00;0,00;0,00;0,00;0,00;3,00;8.829.000,00;0,00;0,00;0,00;0,00;0,00
02443;TELEGRAPHIC TRANSFER FEE;LOT;0,00;0,00;0,00;0,00;0,00;0,00;0,00;1,00;0,00;0,00;0,00;0,00;40,00;0,00
04458;PENGANGKUTAN FABA (FLY ASH BOTTOM ASH)OLEH PIHAK KETIGA;TON;0,00;0,00;0,00;0,00;0,00;0,00;0,00;300,00;147.000.000,00;0,00;0,00;0,00;0,00;0,00
04750;SLC TOOLS & MATERIALS FOR COOLING TUNNEL ;LOT;1,00;543.900.000,00;0,00;0,00;0,00;0,00;0,00;1,00;543.900.000,00;0,00;0,00;0,00;0,00;0,00
04969;SLC TOOLS & MATERIALS FOR PEKERJAAN PEMASANGAN JALUR PIPA BARU DARI COLD STORAGE KE RECEIVING (THOWIN BIN) ;LOT;0,00;0,00;0,00;0,00;0,00;0,00;0,00;1,00;28.000.000,00;0,00;0,00;0,00;0,00;0,00
10014;GARLIC/BAWANG PUTIH;KGS;26,80;1.072.000,00;0,00;0,00;0,00;0,00;0,00;26,80;1.072.000,00;0,00;0,00;0,00;0,00;0,00
10015;ONION/BAWANG MERAH;KGS;48,20;1.928.000,00;0,00;0,00;0,00;0,00;0,00;48,20;1.928.000,00;0,00;0,00;0,00;0,00;0,00
10016;GINGER/JAHE;KGS;13,40;388.600,00;0,00;0,00;0,00;0,00;0,00;13,40;388.600,00;0,00;0,00;0,00;0,00;0,00
10018;CANDLENUT/KEMIRI;KGS;26,80;1.232.800,00;0,00;0,00;0,00;0,00;0,00;26,80;1.232.800,00;0,00;0,00;0,00;0,00;0,00
10024;RED CHILI - BIG SIZE;KGS;117,90;2.358.000,00;0,00;0,00;0,00;0,00;0,00;117,90;2.358.000,00;0,00;0,00;0,00;0,00;0,00
10037;CABE RAWIT;KG;10,70;609.900,00;0,00;0,00;0,00;0,00;0,00;10,70;609.900,00;0,00;0,00;0,00;0,00;0,00
10042;BLENDED OIL ;KGS;20.000,00;0,00;0,00;47.000,00;0,00;0,00;0,00;40.000,00;0,00;0,00;94.000,00;0,00;0,00;0,00
10066;SUGAR WHITE;KGS;9,00;166.500,00;0,00;0,00;0,00;0,00;0,00;9,00;166.500,00;0,00;0,00;0,00;0,00;0,00
10077;GARAM HALUS UNICHEM K25 NON IODIZED;KGS;0,00;0,00;0,00;0,00;0,00;0,00;0,00;5.000,00;26.000.000,00;0,00;0,00;0,00;0,00;0,00
10105;PALM OIL KEMASAN ;LITER;0,00;0,00;0,00;0,00;0,00;0,00;0,00;3.600,00;62.999.999,74;0,00;0,00;0,00;0,00;0,00
10140;RICA KERING [ DRIED CHILI ];KGS;0,00;0,00;0,00;0,00;0,00;0,00;0,00;300,00;68.000.000,00;0,00;0,00;0,00;0,00;0,00
10325;PAPRIKA OLEORESIN 50000 OS;KGS;0,00;0,00;0,00;0,00;0,00;0,00;0,00;25,00;0,00;0,00;0,00;0,00;512,50;0,00
20002;EMPTY CANS 307 X 113  EOE AL/GNNN;SETS;0,00;0,00;0,00;0,00;0,00;0,00;0,00;250.000,00;0,00;0,00;0,00;0,00;34.500,00;0,00
20004;EMPTY CANS 307 X 112 WITH NORMAL LIDS;SET;0,00;0,00;0,00;0,00;0,00;0,00;0,00;275.000,00;0,00;0,00;0,00;0,00;32.450,00;0,00
20089;EMPTY CANS 307 X 113 WITH NORMAL LIDS;SETS;0,00;0,00;0,00;0,00;0,00;0,00;0,00;33.880,00;0,00;0,00;0,00;0,00;3.896,20;0,00
20387;EMPTY CAN 603 X 212 ;PCS;0,00;0,00;0,00;0,00;0,00;0,00;0,00;94.080,00;0,00;0,00;0,00;0,00;43.276,80;0,00
21200;SIRENA 211 EOE LITHOGRAPH;PCS;0,00;0,00;0,00;0,00;0,00;0,00;0,00;1.130.000,00;0,00;0,00;0,00;0,00;55.356,00;0,00
21213;CANS 211 SIRENA IN SPRINGWATER ;PCS;0,00;0,00;0,00;0,00;0,00;0,00;0,00;1.130.000,00;0,00;0,00;0,00;0,00;100.584,00;0,00
21413;EMPTY CAN  307 X  113 SIRENA IN SPRINGWATER ( AGH );PCS;0,00;0,00;0,00;0,00;0,00;0,00;0,00;312.000,00;0,00;0,00;0,00;0,00;36.597,60;0,00
21414;SIRENA 307 EOE LITHOGRAPH ( AGH );PCS;0,00;0,00;0,00;0,00;0,00;0,00;0,00;1.092.000,00;0,00;0,00;0,00;0,00;55.255,20;0,00
21415;EMPTY CAN 307 X 113 SIRENA IN OIL WITH CHILLI  ( AGH );PCS;2.324,00;0,00;0,00;0,00;0,00;272,61;0,00;470.324,00;0,00;0,00;0,00;0,00;55.169,01;0,00
21417;EMPTY CAN 307 X 113 SIRENA IN OIL ( AGH );PCS;0,00;0,00;0,00;0,00;0,00;0,00;0,00;312.000,00;0,00;0,00;0,00;0,00;36.597,60;0,00
24125;603 NORMAL LIDS;PCS;0,00;0,00;0,00;0,00;0,00;0,00;0,00;94.080,00;0,00;0,00;0,00;0,00;12.230,40;0,00
30001;"CARTONS 603 BROWN;INNER SIZE 470X312X113MM;SUBTANCE 150K/150M/150K CFLUTE";PCS;0,00;0,00;0,00;0,00;0,00;0,00;0,00;15.000,00;66.615.000,00;0,00;0,00;0,00;0,00;0,00
30003;"CARTONS 603 WHITE ; SUBTANCE 150W/150M150K-BFLUTE ; INNER SIZE 470X312X113MM";PCS;15.000,00;71.775.000,00;0,00;0,00;0,00;0,00;0,00;15.000,00;71.775.000,00;0,00;0,00;0,00;0,00;0,00
30331;TRAY SIRENA 307 YSB ;PCS;0,00;0,00;0,00;0,00;0,00;0,00;0,00;12.040,00;30.702.000,00;0,00;0,00;0,00;0,00;0,00
30587;TRAY SIRENA 307 IN OIL WITH CHILI;PCS;0,00;0,00;0,00;0,00;0,00;0,00;0,00;21.070,00;51.832.200,00;0,00;0,00;0,00;0,00;0,00
30588;BARCODE STICKER SIRENA 307 IN OIL WITH CHILI;PCS;0,00;0,00;0,00;0,00;0,00;0,00;0,00;42.140,00;4.003.300,00;0,00;0,00;0,00;0,00;0,00
30745;"CARTON BROWN 307/48 173 ; INNER SIZE + 350X257X173MM ; SUBTANCE = K150/M125/K125 BFLUTE";PCS;0,00;0,00;0,00;0,00;0,00;0,00;0,00;7.000,00;24.570.000,00;0,00;0,00;0,00;0,00;0,00
31522;TRAY SIRENA  307 IN OIL PACKED IN 36 TINS;PCS;0,00;0,00;0,00;0,00;0,00;0,00;0,00;14.700,00;37.485.000,00;0,00;0,00;0,00;0,00;0,00
31525;LABEL 603 RIANXEIRA TUNA BELLY IN OIL uv coated;PCS;0,00;0,00;0,00;0,00;0,00;0,00;0,00;16.128,00;6.048.000,00;0,00;0,00;0,00;0,00;0,00
31558;CARTON PRINTING 05 DUET YCB 603;PCS;4.830,00;4.588.500,00;0,00;0,00;0,00;0,00;0,00;5.785,00;5.495.750,00;0,00;0,00;0,00;0,00;0,00
31559;CARTON PRINTING 05 DUET SCV 603;PCS;0,00;0,00;0,00;0,00;0,00;0,00;0,00;485,00;460.750,00;0,00;0,00;0,00;0,00;0,00
32003;CARTON PRINTING 04 UNL KINGFISHER PL SCB 603;PCS;0,00;0,00;0,00;0,00;0,00;0,00;0,00;1.560,00;1.053.000,00;0,00;0,00;0,00;0,00;0,00
33696;CARTON TRAY RIVERDENE SCB 307 ;PCS;0,00;0,00;0,00;0,00;0,00;0,00;0,00;14.500,00;21.242.500,00;0,00;0,00;0,00;0,00;0,00
34025;"SLIP SHEET PAPER (3MM) UK.1160 mm X 1250 mm;K200/M150/K200 - BFLUTE";SHEET;0,00;0,00;0,00;0,00;0,00;0,00;0,00;500,00;6.982.000,00;0,00;0,00;0,00;0,00;0,00
34051;CARTON PRINTING 04 SUPREME SCO 307;PCS;0,00;0,00;0,00;0,00;0,00;0,00;0,00;3.564,00;2.405.700,00;0,00;0,00;0,00;0,00;0,00
34211;TRAY 211 SIRENA IN SPRINGWATER;PCS;0,00;0,00;0,00;0,00;0,00;0,00;0,00;35.400,00;61.419.000,00;0,00;0,00;0,00;0,00;0,00
34502;CARTON PRINTING  RYKOFF SEXTON 603;PCS;0,00;0,00;0,00;0,00;0,00;0,00;0,00;505,00;1.363.500,00;0,00;0,00;0,00;0,00;0,00
35412;CARTON PRINTING  HIDDEN BAY 603;PCS;805,00;2.173.500,00;0,00;0,00;0,00;0,00;0,00;805,00;2.173.500,00;0,00;0,00;0,00;0,00;0,00
35680;CARTON PRINTING  EMPIRE TREASURE 603;PCS;805,00;2.012.500,00;0,00;0,00;0,00;0,00;0,00;1.910,00;4.775.000,00;0,00;0,00;0,00;0,00;0,00
40611;BARCODE STICKER SIRENA 307 YSB;PCS;0,00;0,00;0,00;0,00;0,00;0,00;0,00;24.080,00;2.287.600,00;0,00;0,00;0,00;0,00;0,00
41442;LABEL ULAM LAUT IKAN TUNA SAMBAL GORENG;PCS;0,00;0,00;0,00;0,00;0,00;0,00;0,00;270,00;229.500,00;0,00;0,00;0,00;0,00;0,00
41443;LABEL ULAM LAUT IKAN TUNA SOUS WOKU;PCS;0,00;0,00;0,00;0,00;0,00;0,00;0,00;270,00;229.500,00;0,00;0,00;0,00;0,00;0,00
41558;LABEL PRINTING DUET YCB 603;PCS;28.800,00;7.776.000,00;0,00;0,00;0,00;0,00;0,00;34.500,00;9.771.000,00;0,00;0,00;0,00;0,00;0,00
41559;LABEL PRINTING DUET SCV WITH ADDITIVE 603;PCS;0,00;0,00;0,00;0,00;0,00;0,00;0,00;2.880,00;1.440.000,00;0,00;0,00;0,00;0,00;0,00
42180;LABEL PRINTING 603 HIDDEN BAY UV COATED;PCS;4.800,00;2.640.000,00;0,00;0,00;0,00;0,00;0,00;4.800,00;2.640.000,00;0,00;0,00;0,00;0,00;0,00
42213;BARCODE 211 SIRENA IN SPRINGWATER;PCS;0,00;0,00;0,00;0,00;0,00;0,00;0,00;70.720,00;6.012.800,00;0,00;0,00;0,00;0,00;0,00
42331;LABEL 307 TUNA ROYALE IKAN TUNA DALAM MINYAK CABAI;PCS;0,00;0,00;0,00;0,00;0,00;0,00;0,00;75,00;112.500,00;0,00;0,00;0,00;0,00;0,00
42332;LABEL 307 TUNA ROYALE IKAN TUNA DALAM MINYAK ;PCS;0,00;0,00;0,00;0,00;0,00;0,00;0,00;75,00;112.500,00;0,00;0,00;0,00;0,00;0,00
42333;LABEL 307 TUNA ROYALE IKAN TUNA DALAM AIR GARAM;PCS;0,00;0,00;0,00;0,00;0,00;0,00;0,00;30,00;75.000,00;0,00;0,00;0,00;0,00;0,00
42334;PAPER LABEL TUNA ROYALE  DALAM MINYAK CABAI UNTUK PENUTUP KALENG ;PCS;0,00;0,00;0,00;0,00;0,00;0,00;0,00;75,00;112.500,00;0,00;0,00;0,00;0,00;0,00
42335;PAPER LABEL TUNA ROYALE  DALAM MINYAK UNTUK PENUTUP KALENG ;PCS;0,00;0,00;0,00;0,00;0,00;0,00;0,00;75,00;112.500,00;0,00;0,00;0,00;0,00;0,00
42336;PAPER LABEL TUNA ROYALE  DALAM AIR GARAM UNTUK PENUTUP KALENG ;PCS;0,00;0,00;0,00;0,00;0,00;0,00;0,00;30,00;75.000,00;0,00;0,00;0,00;0,00;0,00
42540;PAPER STICKER RIANXEIRA TUNA BELLY IN OIL (uk. P.450mm X L. 135mm) ;PCS;0,00;0,00;0,00;0,00;0,00;0,00;0,00;2.688,00;6.720.000,00;0,00;0,00;0,00;0,00;0,00
43120;BARCODE STIKER SIRENA 307 IN OIL 36 tins;PCS;0,00;0,00;0,00;0,00;0,00;0,00;0,00;29.400,00;2.793.000,00;0,00;0,00;0,00;0,00;0,00
43677;UV VARNISH LABEL 603 KINGFISHER IN BRINE ;PCS;0,00;0,00;0,00;0,00;0,00;0,00;0,00;9.300,00;1.395.000,00;0,00;0,00;0,00;0,00;0,00
43684;CARTON PRINTING 05 TUNA ROYALE 603;PCS;0,00;0,00;0,00;0,00;0,00;0,00;0,00;3.300,00;3.135.000,00;0,00;0,00;0,00;0,00;0,00
43696;LABEL RIVERDENE SCB 307 uv coated;PCS;0,00;0,00;0,00;0,00;0,00;0,00;0,00;173.000,00;24.220.000,00;0,00;0,00;0,00;0,00;0,00
45601;LABEL PRINTING 603 RYKOFF SEXTON UV COATED;PCS;0,00;0,00;0,00;0,00;0,00;0,00;0,00;3.000,00;1.650.000,00;0,00;0,00;0,00;0,00;0,00
46379;LABEL PRINTING 603 KINGFISHER IN BRINE;PCS;0,00;0,00;0,00;0,00;0,00;0,00;0,00;9.300,00;3.255.000,00;0,00;0,00;0,00;0,00;0,00
47827;LABEL 307 SUPREME SCO uv coated;PCS;0,00;0,00;0,00;0,00;0,00;0,00;0,00;170.112,00;24.155.904,00;0,00;0,00;0,00;0,00;0,00
47850;LABEL PRINTING 603 EMPIRE TREASURE UV COATED ;PCS;4.800,00;2.640.000,00;0,00;0,00;0,00;0,00;0,00;11.400,00;5.379.000,00;0,00;0,00;0,00;0,00;0,00
50003;AUTO CLAVE / COMPLY STEAM INDICATOR TAPE 3/4 IN - 1322.18;ROLL;0,00;0,00;0,00;0,00;0,00;0,00;0,00;10,00;1.110.000,00;0,00;0,00;0,00;0,00;0,00
50011;CONE THREAD;ROLL;0,00;0,00;0,00;0,00;0,00;0,00;0,00;60,00;1.080.000,00;0,00;0,00;0,00;0,00;0,00
50071;HOSE (SELANG) 3/4;MTR;0,00;0,00;0,00;0,00;0,00;0,00;0,00;150,00;3.750.000,00;0,00;0,00;0,00;0,00;0,00
50090;Hand Soap Lifebuoy Big (Refill).;PCS;0,00;0,00;0,00;0,00;0,00;0,00;0,00;24,00;333.600,00;0,00;0,00;0,00;0,00;0,00
50125;INDUSTRIAL SALT @50 KGS/BAG;BAGS;0,00;0,00;0,00;0,00;0,00;0,00;0,00;150,00;27.450.000,00;0,00;0,00;0,00;0,00;0,00
50130;MASKING TAPE;ROLL;0,00;0,00;0,00;0,00;0,00;0,00;0,00;25,00;625.000,00;0,00;0,00;0,00;0,00;0,00
50134;FILTER AIR BENANG 1MM;PCS;0,00;0,00;0,00;0,00;0,00;0,00;0,00;60,00;870.000,00;0,00;0,00;0,00;0,00;0,00
50172;Refrigeration Lubricant Brand Emkarate Rl-32H @ 5 Liter;PAIL;6,00;10.456.200,00;0,00;0,00;0,00;0,00;0,00;6,00;10.456.200,00;0,00;0,00;0,00;0,00;0,00
50183;MITTELA;PCS;11,00;231.000,00;0,00;0,00;0,00;0,00;0,00;11,00;231.000,00;0,00;0,00;0,00;0,00;0,00
50217;CHLORINE POWDER 15KG/PAIL;PAILS;5,00;3.500.000,00;0,00;0,00;0,00;0,00;0,00;11,00;7.700.000,00;0,00;0,00;0,00;0,00;0,00
50291;SIKAT TANGAN TANGKAI NAGATA ;PC;0,00;0,00;0,00;0,00;0,00;0,00;0,00;12,00;642.000,00;0,00;0,00;0,00;0,00;0,00
50515;HAIRNET BLACK;PCS;300,00;1.560.000,00;0,00;0,00;0,00;0,00;0,00;500,00;2.901.600,00;0,00;0,00;0,00;0,00;0,00
50620;CAUSTIC SODA FLAKE @ 25 KG;SACKS;0,00;0,00;0,00;0,00;0,00;0,00;0,00;5,00;2.750.000,00;0,00;0,00;0,00;0,00;0,00
50626;RIVANOL @100ml/btl                                        ;BTL;11,00;55.000,00;0,00;0,00;0,00;0,00;0,00;11,00;55.000,00;0,00;0,00;0,00;0,00;0,00
50688;CELEMEK PLASTIC WARNA BIRU;PCS;0,00;0,00;0,00;0,00;0,00;0,00;0,00;50,00;3.500.000,00;0,00;0,00;0,00;0,00;0,00
50881;HAND GLOVE COTTON (BLACK);PAIRS;0,00;0,00;0,00;0,00;0,00;0,00;0,00;60,00;300.000,00;0,00;0,00;0,00;0,00;0,00
50928;KAPAS @ 1KG;PCS;11,00;121.000,00;0,00;0,00;0,00;0,00;0,00;11,00;121.000,00;0,00;0,00;0,00;0,00;0,00
50982;LINT ROLLER;PCS;0,00;0,00;0,00;0,00;0,00;0,00;0,00;6,00;316.320,00;0,00;0,00;0,00;0,00;0,00
50995;NIPPON PLATON GREEN NP 1546 @ 3.7KG;TIN;0,00;0,00;0,00;0,00;0,00;0,00;0,00;3,00;840.000,00;0,00;0,00;0,00;0,00;0,00
51230;ABSOR DRY;BOX;0,00;0,00;0,00;0,00;0,00;0,00;0,00;50,00;16.750.000,00;0,00;0,00;0,00;0,00;0,00
51285;CAT PYLOX WARNA PUTIH;TIN;0,00;0,00;0,00;0,00;0,00;0,00;0,00;10,00;350.000,00;0,00;0,00;0,00;0,00;0,00
51313;CELEMEK KAIN BIRU;PCS;0,00;0,00;0,00;0,00;0,00;0,00;0,00;100,00;2.000.000,00;0,00;0,00;0,00;0,00;0,00
51330;PASIR PLESTER [SAND];TRUCK;2,00;1.100.000,00;0,00;0,00;0,00;0,00;0,00;2,00;1.100.000,00;0,00;0,00;0,00;0,00;0,00
51339;PIPE PVC 3 AW, WAVIN;LGTS;0,00;0,00;0,00;0,00;0,00;0,00;0,00;2,00;438.000,00;0,00;0,00;0,00;0,00;0,00
51340;PIPE PVC AW 2 INCH , WAVIN;LGTS;0,00;0,00;0,00;0,00;0,00;0,00;0,00;1,00;160.000,00;0,00;0,00;0,00;0,00;0,00
51355;CELEMEK KAIN MERAH MUDA;PCS;0,00;0,00;0,00;0,00;0,00;0,00;0,00;25,00;500.000,00;0,00;0,00;0,00;0,00;0,00
51400;PLASTIC PE SHRINK CENTER FOLDED (BELAH SAMPING) TEBAL 40 MICRON LEBAR 400MM PANJANG 500MTR/ROL;KGS;0,00;0,00;0,00;0,00;0,00;0,00;0,00;400,00;13.764.000,00;0,00;0,00;0,00;0,00;0,00
51482;LOINING KNIFE SS;PCS;0,00;0,00;0,00;0,00;0,00;0,00;0,00;250,00;4.500.000,00;0,00;0,00;0,00;0,00;0,00
51488;CLEANING  SOLVENT @ 5 LTR / GLN;LTR;0,00;0,00;0,00;0,00;0,00;0,00;0,00;60,00;14.556.000,00;0,00;0,00;0,00;0,00;0,00
51562;PLASTIC SACK 60 X 90 CM STRIP MERAH;PCS;0,00;0,00;0,00;0,00;0,00;0,00;0,00;15.000,00;24.300.000,00;0,00;0,00;0,00;0,00;0,00
51789;ES BALOK;BTG;0,00;0,00;0,00;0,00;0,00;0,00;0,00;1.000,00;21.000.000,00;0,00;0,00;0,00;0,00;0,00
51800;DETERGENT DAIA PUTIH @1.6KG/BAGS;BAGS;72,00;2.340.000,00;0,00;0,00;0,00;0,00;0,00;216,00;7.020.000,00;0,00;0,00;0,00;0,00;0,00
52001;ALKOHOL 70 % @ 1000 ML;BTL;0,00;0,00;0,00;0,00;0,00;0,00;0,00;10,00;351.000,00;0,00;0,00;0,00;0,00;0,00
52014;SIKAT TANGAN (SIKAT BAJU) 209;PCS;0,00;0,00;0,00;0,00;0,00;0,00;0,00;60,00;588.000,00;0,00;0,00;0,00;0,00;0,00
52022;ALKOHOL 96% @ 1000 ML;BTL;0,00;0,00;0,00;0,00;0,00;0,00;0,00;3,00;159.300,00;0,00;0,00;0,00;0,00;0,00
52317;TIP PEN CAPSULES (RED) C1900/0121  @ 3 PCS/PACK;PACKS;0,00;0,00;0,00;0,00;0,00;0,00;0,00;5,00;10.267.500,00;0,00;0,00;0,00;0,00;0,00
52352;STEKER 2 KAKI BROCO;PCS;0,00;0,00;0,00;0,00;0,00;0,00;0,00;1,00;15.000,00;0,00;0,00;0,00;0,00;0,00
52364;TOPI HAIRNET;PCS;24,00;840.000,00;0,00;0,00;0,00;0,00;0,00;24,00;840.000,00;0,00;0,00;0,00;0,00;0,00
52442;PENUTUP GALLON AQUA;PCS;0,00;0,00;0,00;0,00;0,00;0,00;0,00;2.000,00;280.000,00;0,00;0,00;0,00;0,00;0,00
52446;AUTOMATIC ALCOHOL SPRAYER;PCS;0,00;0,00;0,00;0,00;0,00;0,00;0,00;4,00;2.600.660,00;0,00;0,00;0,00;0,00;0,00
52613;GAUN FOR PACKING AREA;PCS;0,00;0,00;0,00;0,00;0,00;0,00;0,00;1.000,00;69.000.000,00;0,00;0,00;0,00;0,00;0,00
52677;KUAS TANGAN 2 INC;PC;2,00;30.000,00;0,00;0,00;0,00;0,00;0,00;2,00;30.000,00;0,00;0,00;0,00;0,00;0,00
52849;Perforated Plate stainless 304, Hole diameter 2.5 mm, thickness 1,5 mm;SHEET;0,00;0,00;0,00;0,00;0,00;0,00;0,00;1,00;1.850.000,00;0,00;0,00;0,00;0,00;0,00
52977;KACA MATA PELINDUNG MATA;PCS;0,00;0,00;0,00;0,00;0,00;0,00;0,00;15,00;216.000,00;0,00;0,00;0,00;0,00;0,00
53147;Led Floodlight 100 watt Phillips IP 65;PCS;0,00;0,00;0,00;0,00;0,00;0,00;0,00;40,00;18.000.000,00;0,00;0,00;0,00;0,00;0,00
53211;SHRINK WRAP PLASTIC [ PE ] FOR SIRENA 211 / 24 TRAY UKURAN P. 50.5 CM, L. 28.5 CM, TEBAL 50 MICRON 1 BUKAAN;KGS;0,00;0,00;0,00;0,00;0,00;0,00;0,00;400,00;13.764.000,00;0,00;0,00;0,00;0,00;0,00
53250;SARUNG TANGAN KARET WARNA BIRU;DOS;10,00;594.000,00;0,00;0,00;0,00;0,00;0,00;10,00;594.000,00;0,00;0,00;0,00;0,00;0,00
53958;SS PLATE 1MM 120 X 240MM;SHEET;0,00;0,00;0,00;0,00;0,00;0,00;0,00;2,00;3.700.000,00;0,00;0,00;0,00;0,00;0,00
53978;UNP Bar (BI) 3 cm x 5 cm x 6 mtr ;LGTS;0,00;0,00;0,00;0,00;0,00;0,00;0,00;6,00;1.650.000,00;0,00;0,00;0,00;0,00;0,00
54012;LIME FRESH PENCUCI PIRING ;BAGS;60,00;810.000,00;0,00;0,00;0,00;0,00;0,00;180,00;2.166.000,00;0,00;0,00;0,00;0,00;0,00
54100;NIPPON PLATON PRIMER @ 5 KG/TINS;TINS;0,00;0,00;0,00;0,00;0,00;0,00;0,00;2,00;650.000,00;0,00;0,00;0,00;0,00;0,00
54120;CELANA KAIN PANJANG;PCS;0,00;0,00;0,00;0,00;0,00;0,00;0,00;353,00;12.355.000,00;0,00;0,00;0,00;0,00;0,00
54153;PACKING KARET TEBAL 5MM;SHEET;1,00;185.000,00;0,00;0,00;0,00;0,00;0,00;1,00;185.000,00;0,00;0,00;0,00;0,00;0,00
54211;SHRINK WRAP PLASTIC [ PE ] FOR SIRENA 211 / 36 TINS TRAY UKURAN P. 51 CM, L. 33,5 CM, TEBAL 50 MICRON 1 BUKAAN;KGS;0,00;0,00;0,00;0,00;0,00;0,00;0,00;300,00;10.323.000,00;0,00;0,00;0,00;0,00;0,00
54226;LED Spot light 10 watt 220 volt;PCS;0,00;0,00;0,00;0,00;0,00;0,00;0,00;6,00;600.000,00;0,00;0,00;0,00;0,00;0,00
54229;ROUND BAR SS 10 MM;LGTS;18,00;4.140.000,00;0,00;0,00;0,00;0,00;0,00;18,00;4.140.000,00;0,00;0,00;0,00;0,00;0,00
54697;NS STAINCLEAN, Brand NIKKO STEEL ;KGS;0,00;0,00;0,00;0,00;0,00;0,00;0,00;12,00;2.580.000,00;0,00;0,00;0,00;0,00;0,00
55334;Dumpul Autolux @ 1 Kg;KG;0,00;0,00;0,00;0,00;0,00;0,00;0,00;5,00;325.000,00;0,00;0,00;0,00;0,00;0,00
55400;SHRINK WRAP PLASTIC [ PE ] FOR SIRENA 307/ 24 TRAY UKURAN P. 54 CM, L. 35 CM, TEBAL 50 MICRON 1 BUKAAN;KGS;0,00;0,00;0,00;0,00;0,00;0,00;0,00;850,00;29.248.500,00;0,00;0,00;0,00;0,00;0,00
55597;EPOXY FLOOR ROKRETE PU MF;SET;0,00;0,00;0,00;0,00;0,00;0,00;0,00;4,00;6.482.400,00;0,00;0,00;0,00;0,00;0,00
56003;CEMENT TONASA 50 KG/SACK;SACK;0,00;0,00;0,00;0,00;0,00;0,00;0,00;100,00;6.200.000,00;0,00;0,00;0,00;0,00;0,00
56109;SIKAFLOOR 21 PURCEM LP (PART A=3KG, B=3KG, C= 14KG) GREY;BAGS;0,00;0,00;0,00;0,00;0,00;0,00;0,00;5,00;8.047.500,00;0,00;0,00;0,00;0,00;0,00
56262;PLASTIC STRETCH WRAP 500 MM X 1500 MTR 20 MICRON;ROLL;0,00;0,00;0,00;0,00;0,00;0,00;0,00;15,00;6.493.500,00;0,00;0,00;0,00;0,00;0,00
56283;GI OVERSHOCK (DRAT) 2 inch X 3/4 inch;PCS;0,00;0,00;0,00;0,00;0,00;0,00;0,00;1,00;31.500,39;0,00;0,00;0,00;0,00;0,00
56284;GI TEE (DRAT) 3/4 inch;PCS;0,00;0,00;0,00;0,00;0,00;0,00;0,00;4,00;46.999,98;0,00;0,00;0,00;0,00;0,00
56379;PINTU KAYU CEMPAKA ;SHEET;0,00;0,00;0,00;0,00;0,00;0,00;0,00;2,00;2.600.000,00;0,00;0,00;0,00;0,00;0,00
56380;KUSEN KAYU CEMPAKA ;PCS;0,00;0,00;0,00;0,00;0,00;0,00;0,00;1,00;1.050.000,00;0,00;0,00;0,00;0,00;0,00
56389;THINNER COBRA HITAM @4 LTR/TIN;TIN;0,00;0,00;0,00;0,00;0,00;0,00;0,00;1,00;200.000,00;0,00;0,00;0,00;0,00;0,00
56520;LAMPU SENTER KECIL;PCS;11,00;495.000,00;0,00;0,00;0,00;0,00;0,00;11,00;495.000,00;0,00;0,00;0,00;0,00;0,00
56710;Bio System Y15 - Reagent Histamine;PCS;0,00;0,00;0,00;0,00;0,00;0,00;0,00;375,00;18.000.000,00;0,00;0,00;0,00;0,00;0,00
56837;Dispenser sabun cair tempel dinding Automatic;PCS;0,00;0,00;0,00;0,00;0,00;0,00;0,00;6,00;4.274.990,00;0,00;0,00;0,00;0,00;0,00
56875;S/S PIPE 1/2 INC SCHEDULE 40;LGTS;0,00;0,00;0,00;0,00;0,00;0,00;0,00;3,00;2.280.000,00;0,00;0,00;0,00;0,00;0,00
56931;HOSE HIGH PRESSURE 5 PLY WITH NEEPLE [ SAMPLE ] FOR KARCHER PANJANG 12 MTRS;SET;0,00;0,00;0,00;0,00;0,00;0,00;0,00;1,00;3.600.000,00;0,00;0,00;0,00;0,00;0,00
57129; SS Bolt & Nut + Rings,  M12 Panjang drat 3,5 inch ;PCS;0,00;0,00;0,00;0,00;0,00;0,00;0,00;88,00;3.784.000,00;0,00;0,00;0,00;0,00;0,00
57342;S/S ELBOW DRAT 1 INCH SCHEDULE 40;PC;0,00;0,00;0,00;0,00;0,00;0,00;0,00;4,00;440.000,00;0,00;0,00;0,00;0,00;0,00
57411;Masker las listrik [ tipe topeng ];PCS;3,00;735.000,00;0,00;0,00;0,00;0,00;0,00;3,00;735.000,00;0,00;0,00;0,00;0,00;0,00
57455;BASMILANG 486 SL @ 1 LTR;BTL;0,00;0,00;0,00;0,00;0,00;0,00;0,00;3,00;210.000,00;0,00;0,00;0,00;0,00;0,00
57745;S/S PIPE 1 INC SCHEDULE 40;LGTS;0,00;0,00;0,00;0,00;0,00;0,00;0,00;1,00;1.150.000,00;0,00;0,00;0,00;0,00;0,00
58118;S/S PLATE 304 X 1200MM X 2400MM X 8MM THICKNES;SHEET;0,00;0,00;0,00;0,00;0,00;0,00;0,00;1,00;9.700.000,00;0,00;0,00;0,00;0,00;0,00
58380;PIPE PVC 1 INCH AW WAVIN;LGTS;0,00;0,00;0,00;0,00;0,00;0,00;0,00;1,00;75.000,00;0,00;0,00;0,00;0,00;0,00
58397;SS ROUND BAR 6MM;LGTS;0,00;0,00;0,00;0,00;0,00;0,00;0,00;6,00;660.000,00;0,00;0,00;0,00;0,00;0,00
58420;TEE PVC 1 inch;PCS;0,00;0,00;0,00;0,00;0,00;0,00;0,00;1,00;20.000,00;0,00;0,00;0,00;0,00;0,00
58421;SHOC DRAT LUAR PVC 1 inch;PCS;0,00;0,00;0,00;0,00;0,00;0,00;0,00;1,00;20.000,00;0,00;0,00;0,00;0,00;0,00
58422;SHOCK DRAT LUAR PVC 2 inci    ;PCS;0,00;0,00;0,00;0,00;0,00;0,00;0,00;1,00;30.000,00;0,00;0,00;0,00;0,00;0,00
58423;SHOCK DOUBLE DRAT LUAR PVC 1 inci;PCS;0,00;0,00;0,00;0,00;0,00;0,00;0,00;1,00;15.000,00;0,00;0,00;0,00;0,00;0,00
58425;SHOCK PVC 1 inci OVER 2 inci ;PCS;0,00;0,00;0,00;0,00;0,00;0,00;0,00;1,00;30.000,00;0,00;0,00;0,00;0,00;0,00
58426;MATA BOR SS 3mm;PCS;0,00;0,00;0,00;0,00;0,00;0,00;0,00;1,00;30.000,00;0,00;0,00;0,00;0,00;0,00
58803;Botol Duren  250 ml  (botol);BTL;0,00;0,00;0,00;0,00;0,00;0,00;0,00;12,00;1.440.000,00;0,00;0,00;0,00;0,00;0,00
58804;Botol Duren   500 ml  (botol);BTL;0,00;0,00;0,00;0,00;0,00;0,00;0,00;12,00;1.620.000,00;0,00;0,00;0,00;0,00;0,00
58805;Tip Pipet 1 ml   (Pack);PACK;0,00;0,00;0,00;0,00;0,00;0,00;0,00;1,00;100.000,00;0,00;0,00;0,00;0,00;0,00
58806;Rak tip pipet  (Pcs);PCS;0,00;0,00;0,00;0,00;0,00;0,00;0,00;2,00;180.000,00;0,00;0,00;0,00;0,00;0,00
58808;Cotton but steril for swab      ;PACK;0,00;0,00;0,00;0,00;0,00;0,00;0,00;1,00;150.000,00;0,00;0,00;0,00;0,00;0,00
59636;NIPPON PLATON SILVER @3.7 KG;TIN;1,00;280.000,00;0,00;0,00;0,00;0,00;0,00;1,00;280.000,00;0,00;0,00;0,00;0,00;0,00
59637;DOOR HINGE S/S 4 INCH;PCS;8,00;520.000,00;0,00;0,00;0,00;0,00;0,00;8,00;520.000,00;0,00;0,00;0,00;0,00;0,00
59940;Ice Jelly;BOX;1,00;3.000.000,00;0,00;0,00;0,00;0,00;0,00;1,00;3.000.000,00;0,00;0,00;0,00;0,00;0,00
60014;PIPA PVC 4 INCHI WAVIN;LGTS;0,00;0,00;0,00;0,00;0,00;0,00;0,00;13,00;4.550.000,00;0,00;0,00;0,00;0,00;0,00
60103;OXYGEN REFILLING;TBG;0,00;0,00;0,00;0,00;0,00;0,00;0,00;6,00;780.000,00;0,00;0,00;0,00;0,00;0,00
60122;"ALARM V=220V; 50HZ";PCS;0,00;0,00;0,00;0,00;0,00;0,00;0,00;2,00;300.000,00;0,00;0,00;0,00;0,00;0,00
60125;BOILER CHEMICAL PENDAWA 99 P @20KGS/PAIL;KGS;200,00;12.765.000,00;0,00;0,00;0,00;0,00;0,00;200,00;12.765.000,00;0,00;0,00;0,00;0,00;0,00
60126;BOILER CHEMICAL PENDAWA 99 S @20KGS/PAIL;KGS;200,00;12.876.000,00;0,00;0,00;0,00;0,00;0,00;200,00;12.876.000,00;0,00;0,00;0,00;0,00;0,00
60127;BOILER CHEMICAL PENDAWA 99 C @20KGS/PAIL;KGS;200,00;14.985.000,00;0,00;0,00;0,00;0,00;0,00;200,00;14.985.000,00;0,00;0,00;0,00;0,00;0,00
60136;SIKAFLOOR 21 PURCEM LP (PART A=3KG, B=3KG, C= 14KG) KREM;SET;0,00;0,00;0,00;0,00;0,00;0,00;0,00;5,00;8.047.500,00;0,00;0,00;0,00;0,00;0,00
60159;TASO 75 X 35 X 0,75MM BAJA RINGAN;LE;0,00;0,00;0,00;0,00;0,00;0,00;0,00;16,00;2.048.000,00;0,00;0,00;0,00;0,00;0,00
60160;TASO TR 32 X 45 X 6 MTR BAJA RINGAN;LE;0,00;0,00;0,00;0,00;0,00;0,00;0,00;10,00;600.000,00;0,00;0,00;0,00;0,00;0,00
60359;CLAMP HOSE S/S  1/2;PCS;16,00;48.000,00;0,00;0,00;0,00;0,00;0,00;16,00;48.000,00;0,00;0,00;0,00;0,00;0,00
60539;SEAMING ROLL 2ND R2-S9;PCS;0,00;0,00;0,00;0,00;0,00;0,00;0,00;8,00;0,00;0,00;0,00;0,00;384,00;0,00
60541;ROOFING SCREW 5MM X 2 @ `100PCS/ BOX;BOX;0,00;0,00;0,00;0,00;0,00;0,00;0,00;1,00;165.000,00;0,00;0,00;0,00;0,00;0,00
60586;BEARING 6004 RS;PCS;2,00;120.000,00;0,00;0,00;0,00;0,00;0,00;2,00;120.000,00;0,00;0,00;0,00;0,00;0,00
60587;Van Belt  C 144 BANDO;PCS;0,00;0,00;0,00;0,00;0,00;0,00;0,00;8,00;2.120.000,00;0,00;0,00;0,00;0,00;0,00
60589;THERMOMETER GAUGE S/S DIA 5 INCH RANGE -30 C s/d  +30 C (BACK CONNECTOR PANJANG SENSOR 5 MTR) ;PCS;3,00;9.600.000,00;0,00;0,00;0,00;0,00;0,00;3,00;9.600.000,00;0,00;0,00;0,00;0,00;0,00
60596;PEST SPRAYER ELEKTRIC TYPE RECHARGEABLE + CHARGER;SET;0,00;0,00;0,00;0,00;0,00;0,00;0,00;1,00;511.900,00;0,00;0,00;0,00;0,00;0,00
60613;KIT MK5S LPWA WITH ANTENA ;PCS;0,00;0,00;0,00;0,00;0,00;0,00;0,00;1,00;36.323.250,00;0,00;0,00;0,00;0,00;0,00
60642;WELDING ARGON STICK S/S 308-316 2.6mm Lsi @5kgs;PCS;0,00;0,00;0,00;0,00;0,00;0,00;0,00;150,00;250.000,00;0,00;0,00;0,00;0,00;0,00
60643;TUNGSTEN 2.4MM FOR MATERIAL SS WARNA MERAH;PCS;160,00;8.160.000,00;0,00;0,00;0,00;0,00;0,00;160,00;8.160.000,00;0,00;0,00;0,00;0,00;0,00
60687;RUBBER BOLT COUPLING SPEC. DIA LUAR BOLT 16MM, DIA LUAR RUBBER 40 MM ;PCS;0,00;0,00;0,00;0,00;0,00;0,00;0,00;16,00;720.000,00;0,00;0,00;0,00;0,00;0,00
60849;SELENOID DANFOSS TYPE BE 230LS PN. 018F6183 ;PCS;0,00;0,00;0,00;0,00;0,00;0,00;0,00;3,00;2.162.335,50;0,00;0,00;0,00;0,00;0,00
60905;3 WAY SOCKET OUTBOW BROKO;PCS;0,00;0,00;0,00;0,00;0,00;0,00;0,00;2,00;230.000,00;0,00;0,00;0,00;0,00;0,00
61085;BOLT & NUT SS 12MM X 2;PCS;0,00;0,00;0,00;0,00;0,00;0,00;0,00;16,00;300.000,00;0,00;0,00;0,00;0,00;0,00
61099;BRONZE TIGER 4 INCH;CM;0,00;0,00;0,00;0,00;0,00;0,00;0,00;50,00;9.805.000,00;0,00;0,00;0,00;0,00;0,00
61306;TYRE & TUBE 28  X 9 - 15  14PR BRIDGESTONE;SET;0,00;0,00;0,00;0,00;0,00;0,00;0,00;4,00;9.540.000,00;0,00;0,00;0,00;0,00;0,00
61412;TYRE & TUBE 650 - 10 X 10 PR JLUG BRIDGESTONE;SET;0,00;0,00;0,00;0,00;0,00;0,00;0,00;4,00;3.820.000,00;0,00;0,00;0,00;0,00;0,00
61464;AIR COMPRESSOR ATLAS COPCO TYPE GA30 10 BAR, SPEC 50HZ, 380V, 30KW S/N AII 325039;UNIT;0,00;0,00;0,00;0,00;0,00;0,00;0,00;1,00;225.000.000,00;0,00;0,00;0,00;0,00;0,00
61523;CHAIN RS 50;DOS;0,00;0,00;0,00;0,00;0,00;0,00;0,00;3,00;7.192.800,00;0,00;0,00;0,00;0,00;0,00
61590;BAND SAW BLADE SPECS : L 116 x W 5/8, THICNESS = 0,022, 3 THREAD PER INCH;PCS;10,00;2.095.680,00;0,00;0,00;0,00;0,00;0,00;10,00;2.095.680,00;0,00;0,00;0,00;0,00;0,00
61640;STECKER (COLOKAN) 2 KAKI;PCS;0,00;0,00;0,00;0,00;0,00;0,00;0,00;2,00;30.000,00;0,00;0,00;0,00;0,00;0,00
61669;LED bulb 9 w 220 v 50 hz.;PCS;15,00;795.000,00;0,00;0,00;0,00;0,00;0,00;15,00;795.000,00;0,00;0,00;0,00;0,00;0,00
61771;ACETYLENE REFILL @ 200 PSI;BTL;0,00;0,00;0,00;0,00;0,00;0,00;0,00;4,00;3.600.000,00;0,00;0,00;0,00;0,00;0,00
61806;SEAMING ROLL 1ST R1-06;PCS;0,00;0,00;0,00;0,00;0,00;0,00;0,00;8,00;0,00;0,00;0,00;0,00;384,00;0,00
62011;ELBOW PVC 3  WAVIN;PCS;0,00;0,00;0,00;0,00;0,00;0,00;0,00;2,00;99.000,00;0,00;0,00;0,00;0,00;0,00
62012;CUTTING WHEEL 4 INCH FOR STAINLESS STEEL;PCS;200,00;1.500.000,00;0,00;0,00;0,00;0,00;0,00;200,00;1.500.000,00;0,00;0,00;0,00;0,00;0,00
62119;CABLE NYY 2 X 1.5 ETERNA @ 50 MTR/ROLL;ROLL;0,00;0,00;0,00;0,00;0,00;0,00;0,00;1,00;725.000,00;0,00;0,00;0,00;0,00;0,00
62371;COVER CLUTCH PN. 91A2100020 ;PCS;1,00;8.313.456,00;0,00;0,00;0,00;0,00;0,00;1,00;8.313.456,00;0,00;0,00;0,00;0,00;0,00
62409;TERMINAL 5 LUBANG;PCS;0,00;0,00;0,00;0,00;0,00;0,00;0,00;2,00;170.000,00;0,00;0,00;0,00;0,00;0,00
62442;AMONIAK NH3 @ 50 KG;TBG;0,00;0,00;0,00;0,00;0,00;0,00;0,00;10,00;24.750.000,00;0,00;0,00;0,00;0,00;0,00
62454;SHOVEL / SKOP;PCS;2,00;200.000,00;0,00;0,00;0,00;0,00;0,00;2,00;200.000,00;0,00;0,00;0,00;0,00;0,00
62791;SAND PAPER NO 100;SHEET;0,00;0,00;0,00;0,00;0,00;0,00;0,00;20,00;100.000,00;0,00;0,00;0,00;0,00;0,00
62861;ELBOW PVC 1;PCS;0,00;0,00;0,00;0,00;0,00;0,00;0,00;6,00;90.000,00;0,00;0,00;0,00;0,00;0,00
62952;CONTACTOR TELEMECANIQUE LC1, D32 COIL 220VOLT, 50HZ;PCS;8,00;3.600.000,00;0,00;0,00;0,00;0,00;0,00;8,00;3.600.000,00;0,00;0,00;0,00;0,00;0,00
62957;BOLT & NUT  SS  10 MM  X  10 CM;PCS;0,00;0,00;0,00;0,00;0,00;0,00;0,00;128,00;3.968.000,00;0,00;0,00;0,00;0,00;0,00
63006;Lem Pipa Superglue G;TUBE;0,00;0,00;0,00;0,00;0,00;0,00;0,00;1,00;50.000,00;0,00;0,00;0,00;0,00;0,00
63346;CABLE NYY 3X2.5MM ETERNA @50 M/ROLL;ROLL;0,00;0,00;0,00;0,00;0,00;0,00;0,00;1,00;1.402.000,00;0,00;0,00;0,00;0,00;0,00
63542;GI ELBOW ( DRAT ) 3/4;PCS;0,00;0,00;0,00;0,00;0,00;0,00;0,00;8,00;71.999,93;0,00;0,00;0,00;0,00;0,00
63549;CLUTCH DISK ASSY PN. 91A2100401;PCS;1,00;5.915.856,00;0,00;0,00;0,00;0,00;0,00;1,00;5.915.856,00;0,00;0,00;0,00;0,00;0,00
63550;BEARING CLUTCH REL PN. 91B2403100;PCS;1,00;2.362.080,00;0,00;0,00;0,00;0,00;0,00;1,00;2.362.080,00;0,00;0,00;0,00;0,00;0,00
63884;ELBOW PVC 4 X 90 WAVIN;PCS;0,00;0,00;0,00;0,00;0,00;0,00;0,00;6,00;210.000,00;0,00;0,00;0,00;0,00;0,00
63991;GI PIPE  UK.2 INCHI  SCH 40 (ISTW);LE;0,00;0,00;0,00;0,00;0,00;0,00;0,00;12,00;8.531.999,99;0,00;0,00;0,00;0,00;0,00
64122;ELBOW GI 2  DRAT SCH 40;PCS;0,00;0,00;0,00;0,00;0,00;0,00;0,00;8,00;351.999,91;0,00;0,00;0,00;0,00;0,00
64462;ENGSEL PINTU S/S 3 INCH;PCS;0,00;0,00;0,00;0,00;0,00;0,00;0,00;4,00;350.000,00;0,00;0,00;0,00;0,00;0,00
64481;SELANG BENANG  1   ;MTR;20,00;680.000,00;0,00;0,00;0,00;0,00;0,00;20,00;680.000,00;0,00;0,00;0,00;0,00;0,00
64980;CHAIN SS  RS60;DOSS;0,00;0,00;0,00;0,00;0,00;0,00;0,00;2,00;6.615.600,00;0,00;0,00;0,00;0,00;0,00
65010;PENETRATING OIL WD 40;TIN;15,00;975.000,00;0,00;0,00;0,00;0,00;0,00;15,00;975.000,00;0,00;0,00;0,00;0,00;0,00
65202;THERMOSTAT MESIN LABEL RANGE 0-300 C 220 V;PCS;2,00;6.200.000,00;0,00;0,00;0,00;0,00;0,00;2,00;6.200.000,00;0,00;0,00;0,00;0,00;0,00
65223;GI PIPE UK.3/4 INCH SCH 40 (ISTW);LE;0,00;0,00;0,00;0,00;0,00;0,00;0,00;4,00;819.999,98;0,00;0,00;0,00;0,00;0,00
65226;CUTTING WHEEL FOR TILES Ø 4;PCS;1,00;110.000,00;0,00;0,00;0,00;0,00;0,00;1,00;110.000,00;0,00;0,00;0,00;0,00;0,00
65455;MASKER LAS (HAND TYPE);PCS;3,00;75.000,00;0,00;0,00;0,00;0,00;0,00;3,00;75.000,00;0,00;0,00;0,00;0,00;0,00
65527;KAIN TAHAN PANAS FOR SHRINK WRAP MACHINE;MTRS;0,00;0,00;0,00;0,00;0,00;0,00;0,00;3,00;313.500,00;0,00;0,00;0,00;0,00;0,00
65880;KUNCI PINTU + HANDLE DOOR, TYPE SOLID;SETS;0,00;0,00;0,00;0,00;0,00;0,00;0,00;2,00;400.000,00;0,00;0,00;0,00;0,00;0,00
66233;ANGLE BAR S/S 2,5CM X 2,5CM X 6 MTR;LGTS;0,00;0,00;0,00;0,00;0,00;0,00;0,00;121,00;33.637.999,94;0,00;0,00;0,00;0,00;0,00
66588;EBARA 80 x 65 FSJA (MS) COMPLETE TECO 22KW, SPEC. 22KW, 2900RPM, 3PHASE. TYPE 80 x 60 FSJA, MECHANICAL SEAL, FLOW R ATED 1 M3/MIN, HEAD RATED 80 MTR, BRAND EBARA ;SET;1,00;38.406.000,00;0,00;0,00;0,00;0,00;0,00;1,00;38.406.000,00;0,00;0,00;0,00;0,00;0,00
67543;Freon R-404a @ 13 Kgs;TBNG;0,00;0,00;0,00;0,00;0,00;0,00;0,00;2,00;3.200.000,00;0,00;0,00;0,00;0,00;0,00
67830;FLANGE COUPLING 4 INCH COMPLETE WITH RUBBER BOLT COUPLING CBK;PCS;1,00;1.540.300,00;0,00;0,00;0,00;0,00;0,00;1,00;1.540.300,00;0,00;0,00;0,00;0,00;0,00
67962;Cordless Hand Drill BOSCH ;PC;0,00;0,00;0,00;0,00;0,00;0,00;0,00;2,00;4.410.000,00;0,00;0,00;0,00;0,00;0,00
68302;LED bulb, 18 watts;PCS;15,00;1.770.000,00;0,00;0,00;0,00;0,00;0,00;15,00;1.770.000,00;0,00;0,00;0,00;0,00;0,00
68998;WELDING ROD SS 2.0MM NIKKO STEEL;KG;5,00;925.000,00;0,00;0,00;0,00;0,00;0,00;5,00;925.000,00;0,00;0,00;0,00;0,00;0,00
69017;DOOR CLOSER TYPE DORMA @ FOR 45KG TO 65KG;SETS;2,00;370.000,00;0,00;0,00;0,00;0,00;0,00;2,00;370.000,00;0,00;0,00;0,00;0,00;0,00
69092;CEMENT TONASA @ 50 KG / SACK;SACK;0,00;0,00;0,00;0,00;0,00;0,00;0,00;115,00;7.130.000,00;0,00;0,00;0,00;0,00;0,00
69335;Drill bit 2 mm for wood;PCS;0,00;0,00;0,00;0,00;0,00;0,00;0,00;1,00;25.000,00;0,00;0,00;0,00;0,00;0,00
69578;Ebara Pump (complete with electromotor) type 65-50 FSH ;UNIT;1,00;20.313.000,00;0,00;0,00;0,00;0,00;0,00;2,00;40.626.000,00;0,00;0,00;0,00;0,00;0,00
70015;COOKED MEAT MEDIUM CM0081B (OXOID) @ 500 GR ;BTL;0,00;0,00;0,00;0,00;0,00;0,00;0,00;1,00;7.373.750,00;0,00;0,00;0,00;0,00;0,00
70024;ETHANOL ABS;BTL;0,00;0,00;0,00;0,00;0,00;0,00;0,00;1,00;850.000,00;0,00;0,00;0,00;0,00;0,00
70040;NITRIC ACID 69.0-70% JT BAKER ANALYZED REAGEANT @ 2.5L;BTL;0,00;0,00;0,00;0,00;0,00;0,00;0,00;2,00;2.958.000,00;0,00;0,00;0,00;0,00;0,00
70041;NUTRIENT AGAR OXOID CM0003B @ 500GR;BTL;0,00;0,00;0,00;0,00;0,00;0,00;0,00;1,00;1.660.050,00;0,00;0,00;0,00;0,00;0,00
70076;DEXTROSE TRYPTONE BROTH CM0073B (OXOID) @ 500 GR;BTL;0,00;0,00;0,00;0,00;0,00;0,00;0,00;1,00;3.977.150,00;0,00;0,00;0,00;0,00;0,00
80012;USED OIL;LITERS;80.000,00;320.000.000,00;0,00;0,00;0,00;0,00;0,00;80.000,00;320.000.000,00;0,00;0,00;0,00;0,00;0,00
89529;COMPUTER DESKTOP (INCLUDE MONITOR);UNIT;0,00;0,00;0,00;0,00;0,00;0,00;0,00;1,00;11.300.000,00;0,00;0,00;0,00;0,00;0,00
90006;BINDER CLIPS, 107 (SMALL);DOS;0,00;0,00;0,00;0,00;0,00;0,00;0,00;12,00;41.400,00;0,00;0,00;0,00;0,00;0,00
90007;BINDER CLIPS, 111 MIDDLE;DOS;0,00;0,00;0,00;0,00;0,00;0,00;0,00;6,00;30.600,00;0,00;0,00;0,00;0,00;0,00
90009;UPS ICA 1200 VA CT 682B;UNIT;0,00;0,00;0,00;0,00;0,00;0,00;0,00;1,00;1.500.000,00;0,00;0,00;0,00;0,00;0,00
90061;PAPER LETTERHEAD KWARTO;REAMS;0,00;0,00;0,00;0,00;0,00;0,00;0,00;4,00;792.000,00;0,00;0,00;0,00;0,00;0,00
90068;PUNCHER BIG;PCS;2,00;234.000,00;0,00;0,00;0,00;0,00;0,00;2,00;234.000,00;0,00;0,00;0,00;0,00;0,00
90069;TISSUE REFILL NICE @ 900GR;PACK;24,00;1.003.200,00;0,00;0,00;0,00;0,00;0,00;24,00;1.003.200,00;0,00;0,00;0,00;0,00;0,00
90078;CALCULATOR 14 DIGIT;PCS;0,00;0,00;0,00;0,00;0,00;0,00;0,00;2,00;501.800,00;0,00;0,00;0,00;0,00;0,00
90080;STAPLES NO 10;DOS;0,00;0,00;0,00;0,00;0,00;0,00;0,00;24,00;48.000,00;0,00;0,00;0,00;0,00;0,00
90082;STAPLER NO 10;PCS;0,00;0,00;0,00;0,00;0,00;0,00;0,00;6,00;78.000,00;0,00;0,00;0,00;0,00;0,00
90114;TRANSFER SLIP;PADS;0,00;0,00;0,00;0,00;0,00;0,00;0,00;30,00;750.000,00;0,00;0,00;0,00;0,00;0,00
90120;RJ 45 ( CONECTOR LAN );DOS;0,00;0,00;0,00;0,00;0,00;0,00;0,00;1,00;150.000,00;0,00;0,00;0,00;0,00;0,00
90122;COUNT TAG;PADS;0,00;0,00;0,00;0,00;0,00;0,00;0,00;120,00;2.220.000,00;0,00;0,00;0,00;0,00;0,00
90123;COUNT TAG FINISH GOOD;PADS;0,00;0,00;0,00;0,00;0,00;0,00;0,00;30,00;555.000,00;0,00;0,00;0,00;0,00;0,00
90126;SPIDOL PERMANENT G 12;PCS;0,00;0,00;0,00;0,00;0,00;0,00;0,00;24,00;184.800,00;0,00;0,00;0,00;0,00;0,00
90154;MASKER SENSI @50 PCS;DOS;2,00;60.000,00;0,00;0,00;0,00;0,00;0,00;2,00;60.000,00;0,00;0,00;0,00;0,00;0,00
90162;PALLET TRANSFER SLIP;PADS;0,00;0,00;0,00;0,00;0,00;0,00;0,00;30,00;1.260.000,00;0,00;0,00;0,00;0,00;0,00
90169;OFFICIAL RECEIPT ;PADS;20,00;610.000,00;0,00;0,00;0,00;0,00;0,00;20,00;610.000,00;0,00;0,00;0,00;0,00;0,00
90186;PLESTER ROLL BESAR;ROLL;22,00;330.000,00;0,00;0,00;0,00;0,00;0,00;22,00;330.000,00;0,00;0,00;0,00;0,00;0,00
90198;PRINTER EPSON L121;UNIT;1,00;1.600.000,00;0,00;0,00;0,00;0,00;0,00;1,00;1.600.000,00;0,00;0,00;0,00;0,00;0,00
90203;CUTTER REFILL BIG ;PACK;2,00;14.600,00;0,00;0,00;0,00;0,00;0,00;2,00;14.600,00;0,00;0,00;0,00;0,00;0,00
90300;WITHDRAWALL SLIP  COLD STORAGE (WLSC);PADS;30,00;1.440.000,00;0,00;0,00;0,00;0,00;0,00;30,00;1.440.000,00;0,00;0,00;0,00;0,00;0,00
90328;FORM PALLET TAG TERLEBEL;PADS;0,00;0,00;0,00;0,00;0,00;0,00;0,00;60,00;1.110.000,00;0,00;0,00;0,00;0,00;0,00
90510;LOG BOOK 100 GARDA;PADS;0,00;0,00;0,00;0,00;0,00;0,00;0,00;12,00;261.600,00;0,00;0,00;0,00;0,00;0,00
90517;LOG BOOK 200 GARDA;PADS;0,00;0,00;0,00;0,00;0,00;0,00;0,00;12,00;436.800,00;0,00;0,00;0,00;0,00;0,00
90533;ENVELOPE WITH LETTER HEAD;BOX;0,00;0,00;0,00;0,00;0,00;0,00;0,00;3,00;675.000,00;0,00;0,00;0,00;0,00;0,00
90535;PAPER LETTERHEAD FOLIO;REAMS;0,00;0,00;0,00;0,00;0,00;0,00;0,00;4,00;792.000,00;0,00;0,00;0,00;0,00;0,00
90580;FILING FOLDER/MAP GANTUNG;PCS;100,00;929.099,97;0,00;0,00;0,00;0,00;0,00;100,00;929.099,97;0,00;0,00;0,00;0,00;0,00
90598;HUB 8 PORT FOR LAN 1000Mbps;PCS;0,00;0,00;0,00;0,00;0,00;0,00;0,00;2,00;550.000,00;0,00;0,00;0,00;0,00;0,00
90643;BINDER CLIPS, 155 (BIG);DOS;0,00;0,00;0,00;0,00;0,00;0,00;0,00;6,00;45.000,00;0,00;0,00;0,00;0,00;0,00
90650;PAPER HVS FOLIO;REAMS;25,00;1.193.465,00;0,00;0,00;0,00;0,00;0,00;55,00;2.625.623,00;0,00;0,00;0,00;0,00;0,00
90706;GUNTING;PCS;0,00;0,00;0,00;0,00;0,00;0,00;0,00;6,00;103.200,00;0,00;0,00;0,00;0,00;0,00
90766;CABLE STP (BELDEN) OUTDOOR;ROLL;0,00;0,00;0,00;0,00;0,00;0,00;0,00;1,00;2.350.000,00;0,00;0,00;0,00;0,00;0,00
90789;CLEAR HOLDER CH 60;PCS;0,00;0,00;0,00;0,00;0,00;0,00;0,00;48,00;1.708.800,00;0,00;0,00;0,00;0,00;0,00
90812;PAPER HVS KWARTO/A4s;REAMS;50,00;2.140.320,00;0,00;0,00;0,00;0,00;0,00;110,00;5.171.580,00;0,00;0,00;0,00;0,00;0,00
90886;ORDNER DIPLOMA  BIG( PVC FOLIO 1465-11 );PCS;0,00;0,00;0,00;0,00;0,00;0,00;0,00;30,00;1.267.709,99;0,00;0,00;0,00;0,00;0,00
91003;PAPER FASTENER;DOS;0,00;0,00;0,00;0,00;0,00;0,00;0,00;12,00;153.600,00;0,00;0,00;0,00;0,00;0,00
91041;BATTERY A3  ( ALKALINE );PCS;0,00;0,00;0,00;0,00;0,00;0,00;0,00;12,00;109.200,00;0,00;0,00;0,00;0,00;0,00
91089;CUTTER BIG;PCS;0,00;0,00;0,00;0,00;0,00;0,00;0,00;6,00;93.600,00;0,00;0,00;0,00;0,00;0,00
91100;LEM POVINAL 117;BTL;0,00;0,00;0,00;0,00;0,00;0,00;0,00;10,00;61.000,00;0,00;0,00;0,00;0,00;0,00
91364;KASSA STERIL;DOS;22,00;220.000,00;0,00;0,00;0,00;0,00;0,00;22,00;220.000,00;0,00;0,00;0,00;0,00;0,00
91463;STEMPEL KARUNG KODE PRODUKSI TINTA PERMANEN ANTI LUNTUR;PCS;0,00;0,00;0,00;0,00;0,00;0,00;0,00;1,00;1.070.000,00;0,00;0,00;0,00;0,00;0,00
92007;BALLPOINT SNOWMAN V5;PCS;0,00;0,00;0,00;0,00;0,00;0,00;0,00;120,00;468.000,00;0,00;0,00;0,00;0,00;0,00
92235;PERBAN LEBAR 5 CM;ROLL;22,00;44.000,00;0,00;0,00;0,00;0,00;0,00;22,00;44.000,00;0,00;0,00;0,00;0,00;0,00
92236;PERBAN LEBAR 10 CM;ROLL;22,00;77.000,00;0,00;0,00;0,00;0,00;0,00;22,00;77.000,00;0,00;0,00;0,00;0,00;0,00
92238;PLESTER CEPAT ;DOS;2,00;76.000,00;0,00;0,00;0,00;0,00;0,00;2,00;76.000,00;0,00;0,00;0,00;0,00;0,00
92242;SARUNG TANGAN SEKALI PAKAI;DOS;2,00;132.000,00;0,00;0,00;0,00;0,00;0,00;2,00;132.000,00;0,00;0,00;0,00;0,00;0,00
92249;POVIDON IODIN 60 ML;BTL;11,00;209.000,00;0,00;0,00;0,00;0,00;0,00;11,00;209.000,00;0,00;0,00;0,00;0,00;0,00
92564;TISSUE ROLL PANJANG;PCS;0,00;0,00;0,00;0,00;0,00;0,00;0,00;6,00;80.400,00;0,00;0,00;0,00;0,00;0,00
92566;TISSUE ROLL BESAR;PACK;0,00;0,00;0,00;0,00;0,00;0,00;0,00;12,00;844.320,00;0,00;0,00;0,00;0,00;0,00
92878;KERTAS STICKER UKURAN A4 BAHAN MC BONTACT;SHEETS;5.000,00;4.000.000,00;0,00;0,00;0,00;0,00;0,00;5.000,00;4.000.000,00;0,00;0,00;0,00;0,00;0,00
93257;TISSUE KASAR ;PCS;48,00;792.000,00;0,00;0,00;0,00;0,00;0,00;72,00;1.188.000,00;0,00;0,00;0,00;0,00;0,00
93654;TISSUE ROLL PENDEK;PCS;0,00;0,00;0,00;0,00;0,00;0,00;0,00;24,00;127.999,99;0,00;0,00;0,00;0,00;0,00
93678;ALCOHOL 70 % @ 5LTR/GALLON ;GLN;4,00;800.000,00;0,00;0,00;0,00;0,00;0,00;4,00;800.000,00;0,00;0,00;0,00;0,00;0,00
94225;ORDNER DIPLOMA PVC UK.KUITANSI WARNA BIRU;PCS;0,00;0,00;0,00;0,00;0,00;0,00;0,00;30,00;1.108.890,00;0,00;0,00;0,00;0,00;0,00
94531;INK REFILL FOR EPSON 3100 (003) BLACK;BTL;6,00;570.000,00;0,00;0,00;0,00;0,00;0,00;6,00;570.000,00;0,00;0,00;0,00;0,00;0,00
95071;Battery Alkaline AA;PCS;0,00;0,00;0,00;0,00;0,00;0,00;0,00;48,00;441.600,00;0,00;0,00;0,00;0,00;0,00
95122;Alkohol 70%;BTL;11,00;77.000,00;0,00;0,00;0,00;0,00;0,00;11,00;77.000,00;0,00;0,00;0,00;0,00;0,00
95895;GUNTING KECIL;PCS;11,00;110.000,00;0,00;0,00;0,00;0,00;0,00;11,00;110.000,00;0,00;0,00;0,00;0,00;0,00
96210;FORM PALLET TRANSFER SLIP (FROZEN PRECOOKED LOINS)      ;PADS;0,00;0,00;0,00;0,00;0,00;0,00;0,00;20,00;1.104.000,00;0,00;0,00;0,00;0,00;0,00
96489;OFFICE CHAIR;PCS;1,00;1.578.000,00;0,00;0,00;0,00;0,00;0,00;6,00;6.541.000,00;0,00;0,00;0,00;0,00;0,00
96654;Kaos Polo SPG (Orange dan Biru);PCS;0,00;0,00;0,00;0,00;0,00;0,00;0,00;38,00;2.850.000,00;0,00;0,00;0,00;0,00;0,00
96655;Sample Desk (Meja Promosi);PCS;3,00;8.700.000,00;0,00;0,00;0,00;0,00;0,00;3,00;8.700.000,00;0,00;0,00;0,00;0,00;0,00
96657;Topi SPG;PCS;7,00;350.000,00;0,00;0,00;0,00;0,00;0,00;7,00;350.000,00;0,00;0,00;0,00;0,00;0,00
96658;Roll Banner ;PCS;0,00;0,00;0,00;0,00;0,00;0,00;0,00;3,00;1.050.000,00;0,00;0,00;0,00;0,00;0,00
97464;MEJA KOMPUTER;UNIT;0,00;0,00;0,00;0,00;0,00;0,00;0,00;3,00;2.148.000,00;0,00;0,00;0,00;0,00;0,00
98748;ORDNER DIPLOMA  PP UKURAN KUITANSI;PCS;60,00;2.217.780,00;0,00;0,00;0,00;0,00;0,00;60,00;2.217.780,00;0,00;0,00;0,00;0,00;0,00
99896;HARDDISK SSD 512 GB;PCS;0,00;0,00;0,00;0,00;0,00;0,00;0,00;3,00;2.400.000,00;0,00;0,00;0,00;0,00;0,00
99926;GEMBOK TOP SECURITY SOLID 70mm;PC;3,00;345.000,00;0,00;0,00;0,00;0,00;0,00;3,00;345.000,00;0,00;0,00;0,00;0,00;0,00
FA0030;Tunel Washer Machine, capacity 500 trays per hour 80 percent dry;UNIT;1,00;0,00;0,00;0,00;0,00;20.750,00;0,00;1,00;0,00;0,00;0,00;0,00;20.750,00;0,00
FA0031;TANGKI AIR BERSIH LANDSCAPE, DIA 24 X 5P VOLUME 22.000 LITER (ms plate thickness 6mm) include man hole );UNIT;0,00;0,00;0,00;0,00;0,00;0,00;0,00;1,00;92.130.000,00;0,00;0,00;0,00;0,00;0,00
GRAND TOTAL;;;;1.190.435.336,97;0,00;47.000,00;0,00;21.022,61;0,00;;2.956.179.784,31;0,00;94.000,00;0,00;489.883,31;0,00
