id;product_code;wh_code;balance;start_balance;is_active;is_delete;created_by;created_date;updated_by;updated_date
1;00134;NULL;0.00;0.00;Y;N;SYS;2014-07-19 10:19:03.753;NULL;NULL
2;00141;NULL;0.00;0.00;Y;N;SYS;2014-07-19 10:19:03.753;NULL;NULL
3;00154;NULL;0.00;0.00;Y;N;SYS;2014-07-19 10:19:03.753;NULL;NULL
4;00155;NULL;0.00;0.00;Y;N;SYS;2014-07-19 10:19:03.753;NULL;NULL
5;00158;NULL;1.00;0.00;Y;N;SYS;2014-07-19 10:19:03.753;NULL;2017-02-09 15:00:47.510
6;00167;NULL;0.00;0.00;Y;N;SYS;2014-07-19 10:19:03.753;NULL;NULL
7;00168;NULL;0.00;0.00;Y;N;SYS;2014-07-19 10:19:03.753;NULL;NULL
8;00174;NULL;0.00;0.00;Y;N;SYS;2014-07-19 10:19:03.753;NULL;NULL
9;00183;NULL;0.00;0.00;Y;N;SYS;2014-07-19 10:19:03.753;NULL;NULL
10;00184;NULL;0.00;0.00;Y;N;SYS;2014-07-19 10:19:03.753;NULL;NULL
11;00207;NULL;0.00;0.00;Y;N;SYS;2014-07-19 10:19:03.753;NULL;NULL
12;00219;NULL;0.00;0.00;Y;N;SYS;2014-07-19 10:19:03.753;NULL;NULL
13;00223;NULL;0.00;0.00;Y;N;SYS;2014-07-19 10:19:03.753;NULL;NULL
14;00231;NULL;14.00;0.00;Y;N;SYS;2014-07-19 10:19:03.753;NULL;2025-02-17 16:07:08.570
15;00238;NULL;3.00;0.00;Y;N;SYS;2014-07-19 10:19:03.753;NULL;2015-11-21 07:39:30.953
16;00240;NULL;0.00;0.00;Y;N;SYS;2014-07-19 10:19:03.753;NULL;NULL
17;00249;NULL;1.00;0.00;Y;N;SYS;2014-07-19 10:19:03.753;NULL;2016-08-12 14:42:14.457
18;00250;NULL;1.00;0.00;Y;N;SYS;2014-07-19 10:19:03.753;NULL;2022-01-17 11:11:30.777
19;00263;NULL;4.00;0.00;Y;N;SYS;2014-07-19 10:19:03.753;NULL;2017-07-24 11:59:22.697
20;00288;NULL;19.00;0.00;Y;N;SYS;2014-07-19 10:19:03.753;NULL;2019-01-04 10:21:55.530
21;00291;NULL;0.00;0.00;Y;N;SYS;2014-07-19 10:19:03.753;NULL;NULL
22;00325;NULL;2.00;0.00;Y;N;SYS;2014-07-19 10:19:03.753;NULL;2019-02-13 11:34:00.133
23;00329;NULL;0.00;0.00;Y;N;SYS;2014-07-19 10:19:03.753;NULL;NULL
24;00360;NULL;2.00;0.00;Y;N;SYS;2014-07-19 10:19:03.753;NULL;2026-01-15 07:32:32.967
25;00363;NULL;2.00;0.00;Y;N;SYS;2014-07-19 10:19:03.753;NULL;2015-07-08 16:21:41.637
26;00364;NULL;2.00;0.00;Y;N;SYS;2014-07-19 10:19:03.753;NULL;NULL
27;00366;NULL;0.00;0.00;Y;N;SYS;2014-07-19 10:19:03.753;NULL;NULL
28;00367;NULL;0.00;0.00;Y;N;SYS;2014-07-19 10:19:03.753;NULL;NULL
29;00372;NULL;0.00;0.00;Y;N;SYS;2014-07-19 10:19:03.753;NULL;NULL
30;00377;NULL;2.00;0.00;Y;N;SYS;2014-07-19 10:19:03.753;NULL;2016-03-18 08:59:03.357
31;00419;NULL;11.00;0.00;Y;N;SYS;2014-07-19 10:19:03.753;NULL;2025-02-11 11:13:33.660
32;00428;NULL;0.00;0.00;Y;N;SYS;2014-07-19 10:19:03.753;NULL;NULL
33;00429;NULL;16.00;0.00;Y;N;SYS;2014-07-19 10:19:03.753;NULL;NULL
34;00438;NULL;0.00;0.00;Y;N;SYS;2014-07-19 10:19:03.753;NULL;NULL
35;00455;NULL;0.00;0.00;Y;N;SYS;2014-07-19 10:19:03.753;NULL;NULL
36;00456;NULL;0.00;0.00;Y;N;SYS;2014-07-19 10:19:03.753;NULL;NULL
37;00475;NULL;3.00;0.00;Y;N;SYS;2014-07-19 10:19:03.753;NULL;2015-06-19 07:42:12.770
38;00481;NULL;0.00;0.00;Y;N;SYS;2014-07-19 10:19:03.753;NULL;NULL
39;00529;NULL;0.00;0.00;Y;N;SYS;2014-07-19 10:19:03.753;NULL;NULL
40;00531;NULL;0.00;0.00;Y;N;SYS;2014-07-19 10:19:03.753;NULL;NULL
41;00544;NULL;0.00;0.00;Y;N;SYS;2014-07-19 10:19:03.753;NULL;NULL
42;00548;NULL;2.00;0.00;Y;N;SYS;2014-07-19 10:19:03.753;NULL;2022-07-27 09:50:13.033
43;00574;NULL;1.00;0.00;Y;N;SYS;2014-07-19 10:19:03.753;NULL;2018-06-20 13:39:45.343
44;00581;NULL;0.00;0.00;Y;N;SYS;2014-07-19 10:19:03.753;NULL;NULL
45;00590;NULL;0.00;0.00;Y;N;SYS;2014-07-19 10:19:03.753;NULL;NULL
46;00597;NULL;0.00;0.00;Y;N;SYS;2014-07-19 10:19:03.753;NULL;NULL
47;00603;NULL;1.00;0.00;Y;N;SYS;2014-07-19 10:19:03.753;NULL;2016-02-23 07:57:47.810
48;00616;NULL;4.00;0.00;Y;N;SYS;2014-07-19 10:19:03.753;NULL;2020-08-26 09:48:47.910
49;00642;NULL;0.00;0.00;Y;N;SYS;2014-07-19 10:19:03.753;NULL;NULL
50;00673;NULL;0.00;0.00;Y;N;SYS;2014-07-19 10:19:03.753;NULL;NULL
51;00680;NULL;4.00;0.00;Y;N;SYS;2014-07-19 10:19:03.753;NULL;2021-09-09 14:09:16.890
52;00720;NULL;0.00;0.00;Y;N;SYS;2014-07-19 10:19:03.753;NULL;NULL
53;00733;NULL;12.00;0.00;Y;N;SYS;2014-07-19 10:19:03.753;NULL;2024-01-12 13:38:21.670
54;00761;NULL;0.00;0.00;Y;N;SYS;2014-07-19 10:19:03.753;NULL;NULL
55;00787;NULL;0.00;0.00;Y;N;SYS;2014-07-19 10:19:03.753;NULL;NULL
56;00807;NULL;0.00;0.00;Y;N;SYS;2014-07-19 10:19:03.753;NULL;NULL
57;00829;NULL;0.00;0.00;Y;N;SYS;2014-07-19 10:19:03.753;NULL;NULL
58;00834;NULL;-1.00;0.00;Y;N;SYS;2014-07-19 10:19:03.753;NULL;NULL
59;00854;NULL;0.00;0.00;Y;N;SYS;2014-07-19 10:19:03.753;NULL;NULL
60;00864;NULL;0.00;0.00;Y;N;SYS;2014-07-19 10:19:03.753;NULL;NULL
61;00887;NULL;0.00;0.00;Y;N;SYS;2014-07-19 10:19:03.753;NULL;NULL
62;00898;NULL;7.00;0.00;Y;N;SYS;2014-07-19 10:19:03.753;NULL;2026-01-15 07:38:37.357
63;00899;NULL;1.00;0.00;Y;N;SYS;2014-07-19 10:19:03.753;NULL;NULL
64;00907;NULL;3.00;0.00;Y;N;SYS;2014-07-19 10:19:03.753;NULL;2024-01-23 16:29:45.037
65;00908;NULL;0.00;0.00;Y;N;SYS;2014-07-19 10:19:03.753;NULL;NULL
66;00921;NULL;5.00;0.00;Y;N;SYS;2014-07-19 10:19:03.753;NULL;2015-12-16 09:26:28.567
67;00930;NULL;1.00;0.00;Y;N;SYS;2014-07-19 10:19:03.753;NULL;NULL
68;00931;NULL;1.00;0.00;Y;N;SYS;2014-07-19 10:19:03.753;NULL;NULL
69;00933;NULL;0.00;0.00;Y;N;SYS;2014-07-19 10:19:03.753;NULL;NULL
70;00937;NULL;0.00;0.00;Y;N;SYS;2014-07-19 10:19:03.753;NULL;NULL
71;00950;NULL;0.00;0.00;Y;N;SYS;2014-07-19 10:19:03.753;NULL;NULL
72;00954;NULL;0.00;0.00;Y;N;SYS;2014-07-19 10:19:03.753;NULL;NULL
73;00963;NULL;0.00;0.00;Y;N;SYS;2014-07-19 10:19:03.753;NULL;NULL
74;00965;NULL;0.00;0.00;Y;N;SYS;2014-07-19 10:19:03.753;NULL;NULL
75;00980;NULL;1.00;0.00;Y;N;SYS;2014-07-19 10:19:03.753;NULL;2025-11-27 10:26:58.177
76;00990;NULL;0.00;0.00;Y;N;SYS;2014-07-19 10:19:03.753;NULL;NULL
77;01000;NULL;0.00;0.00;Y;N;SYS;2014-07-19 10:19:03.753;NULL;NULL
78;01011;NULL;0.00;0.00;Y;N;SYS;2014-07-19 10:19:03.753;NULL;NULL
79;01018;NULL;0.00;0.00;Y;N;SYS;2014-07-19 10:19:03.753;NULL;NULL
80;01108;NULL;1.00;0.00;Y;N;SYS;2014-07-19 10:19:03.753;NULL;NULL
81;01128;NULL;4.00;0.00;Y;N;SYS;2014-07-19 10:19:03.753;NULL;2016-02-09 10:01:46.313
82;01129;NULL;2.00;0.00;Y;N;SYS;2014-07-19 10:19:03.753;NULL;2016-02-09 10:01:46.323
83;01131;NULL;0.00;0.00;Y;N;SYS;2014-07-19 10:19:03.753;NULL;NULL
84;01145;NULL;0.00;0.00;Y;N;SYS;2014-07-19 10:19:03.753;NULL;NULL
85;01147;NULL;3.00;0.00;Y;N;SYS;2014-07-19 10:19:03.753;NULL;2021-09-03 14:20:33.410
86;01150;NULL;0.00;0.00;Y;N;SYS;2014-07-19 10:19:03.753;NULL;NULL
87;01171;NULL;0.00;0.00;Y;N;SYS;2014-07-19 10:19:03.753;NULL;NULL
88;01190;NULL;0.00;0.00;Y;N;SYS;2014-07-19 10:19:03.753;NULL;NULL
89;01193;NULL;1.00;0.00;Y;N;SYS;2014-07-19 10:19:03.753;NULL;NULL
90;01195;NULL;0.00;0.00;Y;N;SYS;2014-07-19 10:19:03.753;NULL;NULL
91;01207;NULL;0.00;0.00;Y;N;SYS;2014-07-19 10:19:03.753;NULL;NULL
92;01209;NULL;0.00;0.00;Y;N;SYS;2014-07-19 10:19:03.753;NULL;NULL
93;01225;NULL;0.00;0.00;Y;N;SYS;2014-07-19 10:19:03.753;NULL;NULL
94;01226;NULL;0.00;0.00;Y;N;SYS;2014-07-19 10:19:03.753;NULL;NULL
95;01237;NULL;0.00;0.00;Y;N;SYS;2014-07-19 10:19:03.753;NULL;NULL
96;01239;NULL;0.00;0.00;Y;N;SYS;2014-07-19 10:19:03.753;NULL;NULL
97;01242;NULL;0.00;0.00;Y;N;SYS;2014-07-19 10:19:03.753;NULL;NULL
98;01245;NULL;1.00;0.00;Y;N;SYS;2014-07-19 10:19:03.753;NULL;NULL
99;01246;NULL;1.00;0.00;Y;N;SYS;2014-07-19 10:19:03.753;NULL;NULL
100;01247;NULL;1.00;0.00;Y;N;SYS;2014-07-19 10:19:03.753;NULL;NULL
101;01250;NULL;0.00;0.00;Y;N;SYS;2014-07-19 10:19:03.753;NULL;NULL
102;01251;NULL;0.00;0.00;Y;N;SYS;2014-07-19 10:19:03.753;NULL;NULL
103;01252;NULL;4.00;0.00;Y;N;SYS;2014-07-19 10:19:03.753;NULL;NULL
104;01254;NULL;1.00;0.00;Y;N;SYS;2014-07-19 10:19:03.753;NULL;NULL
105;01255;NULL;1.00;0.00;Y;N;SYS;2014-07-19 10:19:03.753;NULL;NULL
106;01258;NULL;2.00;0.00;Y;N;SYS;2014-07-19 10:19:03.753;NULL;NULL
107;01262;NULL;1.00;0.00;Y;N;SYS;2014-07-19 10:19:03.753;NULL;2015-12-08 11:31:45.667
108;01303;NULL;4.00;0.00;Y;N;SYS;2014-07-19 10:19:03.753;NULL;2025-01-24 17:58:42.583
109;01324;NULL;5.00;0.00;Y;N;SYS;2014-07-19 10:19:03.753;NULL;2020-01-17 08:10:58.067
110;01331;NULL;2.00;0.00;Y;N;SYS;2014-07-19 10:19:03.753;NULL;2017-04-03 15:37:16.513
111;01343;NULL;0.00;0.00;Y;N;SYS;2014-07-19 10:19:03.753;NULL;NULL
112;01357;NULL;0.00;0.00;Y;N;SYS;2014-07-19 10:19:03.753;NULL;NULL
113;01360;NULL;0.00;0.00;Y;N;SYS;2014-07-19 10:19:03.753;NULL;NULL
114;01363;NULL;16.00;0.00;Y;N;SYS;2014-07-19 10:19:03.753;NULL;2022-02-16 11:35:35.963
115;01364;NULL;0.00;0.00;Y;N;SYS;2014-07-19 10:19:03.753;NULL;NULL
116;01369;NULL;0.00;0.00;Y;N;SYS;2014-07-19 10:19:03.753;NULL;NULL
117;01371;NULL;0.00;0.00;Y;N;SYS;2014-07-19 10:19:03.753;NULL;NULL
118;01372;NULL;0.00;0.00;Y;N;SYS;2014-07-19 10:19:03.753;NULL;NULL
119;01377;NULL;0.00;0.00;Y;N;SYS;2014-07-19 10:19:03.753;NULL;NULL
120;01378;NULL;0.00;0.00;Y;N;SYS;2014-07-19 10:19:03.753;NULL;NULL
121;01379;NULL;0.00;0.00;Y;N;SYS;2014-07-19 10:19:03.753;NULL;NULL
122;01380;NULL;0.00;0.00;Y;N;SYS;2014-07-19 10:19:03.753;NULL;NULL
123;01381;NULL;0.00;0.00;Y;N;SYS;2014-07-19 10:19:03.753;NULL;NULL
124;01382;NULL;0.00;0.00;Y;N;SYS;2014-07-19 10:19:03.753;NULL;NULL
125;01383;NULL;0.00;0.00;Y;N;SYS;2014-07-19 10:19:03.753;NULL;NULL
126;01384;NULL;0.00;0.00;Y;N;SYS;2014-07-19 10:19:03.753;NULL;NULL
127;01385;NULL;0.00;0.00;Y;N;SYS;2014-07-19 10:19:03.753;NULL;NULL
128;01386;NULL;0.00;0.00;Y;N;SYS;2014-07-19 10:19:03.753;NULL;NULL
129;01387;NULL;0.00;0.00;Y;N;SYS;2014-07-19 10:19:03.753;NULL;NULL
130;01388;NULL;0.00;0.00;Y;N;SYS;2014-07-19 10:19:03.753;NULL;NULL
131;01389;NULL;0.00;0.00;Y;N;SYS;2014-07-19 10:19:03.753;NULL;NULL
132;01390;NULL;0.00;0.00;Y;N;SYS;2014-07-19 10:19:03.753;NULL;NULL
133;01391;NULL;0.00;0.00;Y;N;SYS;2014-07-19 10:19:03.753;NULL;NULL
134;01392;NULL;0.00;0.00;Y;N;SYS;2014-07-19 10:19:03.753;NULL;NULL
135;01393;NULL;0.00;0.00;Y;N;SYS;2014-07-19 10:19:03.753;NULL;NULL
136;01394;NULL;0.00;0.00;Y;N;SYS;2014-07-19 10:19:03.753;NULL;NULL
137;01395;NULL;0.00;0.00;Y;N;SYS;2014-07-19 10:19:03.753;NULL;NULL
138;01396;NULL;0.00;0.00;Y;N;SYS;2014-07-19 10:19:03.753;NULL;NULL
139;01397;NULL;0.00;0.00;Y;N;SYS;2014-07-19 10:19:03.753;NULL;NULL
140;01398;NULL;0.00;0.00;Y;N;SYS;2014-07-19 10:19:03.753;NULL;NULL
141;01399;NULL;0.00;0.00;Y;N;SYS;2014-07-19 10:19:03.753;NULL;NULL
142;01400;NULL;0.00;0.00;Y;N;SYS;2014-07-19 10:19:03.753;NULL;NULL
143;01401;NULL;0.00;0.00;Y;N;SYS;2014-07-19 10:19:03.753;NULL;NULL
144;01402;NULL;0.00;0.00;Y;N;SYS;2014-07-19 10:19:03.753;NULL;NULL
145;01403;NULL;0.00;0.00;Y;N;SYS;2014-07-19 10:19:03.753;NULL;NULL
146;01404;NULL;0.00;0.00;Y;N;SYS;2014-07-19 10:19:03.753;NULL;NULL
147;01406;NULL;0.00;0.00;Y;N;SYS;2014-07-19 10:19:03.753;NULL;NULL
148;01407;NULL;0.00;0.00;Y;N;SYS;2014-07-19 10:19:03.753;NULL;NULL
149;01408;NULL;0.00;0.00;Y;N;SYS;2014-07-19 10:19:03.753;NULL;NULL
150;01409;NULL;0.00;0.00;Y;N;SYS;2014-07-19 10:19:03.753;NULL;NULL
151;01410;NULL;0.00;0.00;Y;N;SYS;2014-07-19 10:19:03.753;NULL;NULL
152;01411;NULL;0.00;0.00;Y;N;SYS;2014-07-19 10:19:03.753;NULL;NULL
153;01412;NULL;0.00;0.00;Y;N;SYS;2014-07-19 10:19:03.753;NULL;NULL
154;01413;NULL;0.00;0.00;Y;N;SYS;2014-07-19 10:19:03.753;NULL;NULL
155;01414;NULL;0.00;0.00;Y;N;SYS;2014-07-19 10:19:03.753;NULL;NULL
156;01415;NULL;0.00;0.00;Y;N;SYS;2014-07-19 10:19:03.753;NULL;NULL
157;01416;NULL;3.00;0.00;Y;N;SYS;2014-07-19 10:19:03.753;NULL;NULL
158;01417;NULL;0.00;0.00;Y;N;SYS;2014-07-19 10:19:03.753;NULL;NULL
159;01418;NULL;0.00;0.00;Y;N;SYS;2014-07-19 10:19:03.753;NULL;NULL
160;01419;NULL;0.00;0.00;Y;N;SYS;2014-07-19 10:19:03.753;NULL;NULL
161;01420;NULL;7.00;0.00;Y;N;SYS;2014-07-19 10:19:03.753;NULL;2015-09-21 14:40:43.940
162;01421;NULL;0.00;0.00;Y;N;SYS;2014-07-19 10:19:03.753;NULL;NULL
163;01422;NULL;0.00;0.00;Y;N;SYS;2014-07-19 10:19:03.753;NULL;NULL
164;01423;NULL;0.00;0.00;Y;N;SYS;2014-07-19 10:19:03.753;NULL;NULL
165;01424;NULL;0.00;0.00;Y;N;SYS;2014-07-19 10:19:03.753;NULL;NULL
166;01425;NULL;0.00;0.00;Y;N;SYS;2014-07-19 10:19:03.753;NULL;NULL
167;01426;NULL;0.00;0.00;Y;N;SYS;2014-07-19 10:19:03.753;NULL;NULL
168;01427;NULL;0.00;0.00;Y;N;SYS;2014-07-19 10:19:03.753;NULL;NULL
169;01428;NULL;0.00;0.00;Y;N;SYS;2014-07-19 10:19:03.753;NULL;NULL
170;01429;NULL;0.00;0.00;Y;N;SYS;2014-07-19 10:19:03.753;NULL;NULL
171;01430;NULL;0.00;0.00;Y;N;SYS;2014-07-19 10:19:03.753;NULL;NULL
172;01431;NULL;0.00;0.00;Y;N;SYS;2014-07-19 10:19:03.753;NULL;NULL
173;01432;NULL;0.00;0.00;Y;N;SYS;2014-07-19 10:19:03.753;NULL;NULL
174;01433;NULL;0.00;0.00;Y;N;SYS;2014-07-19 10:19:03.753;NULL;NULL
175;01434;NULL;0.00;0.00;Y;N;SYS;2014-07-19 10:19:03.753;NULL;NULL
176;01435;NULL;0.00;0.00;Y;N;SYS;2014-07-19 10:19:03.753;NULL;NULL
177;01436;NULL;0.00;0.00;Y;N;SYS;2014-07-19 10:19:03.753;NULL;NULL
178;01437;NULL;0.00;0.00;Y;N;SYS;2014-07-19 10:19:03.753;NULL;NULL
179;01438;NULL;0.00;0.00;Y;N;SYS;2014-07-19 10:19:03.753;NULL;NULL
180;01439;NULL;0.00;0.00;Y;N;SYS;2014-07-19 10:19:03.753;NULL;NULL
181;01440;NULL;0.00;0.00;Y;N;SYS;2014-07-19 10:19:03.753;NULL;NULL
182;01441;NULL;0.00;0.00;Y;N;SYS;2014-07-19 10:19:03.753;NULL;NULL
183;01442;NULL;0.00;0.00;Y;N;SYS;2014-07-19 10:19:03.753;NULL;NULL
184;01443;NULL;0.00;0.00;Y;N;SYS;2014-07-19 10:19:03.753;NULL;NULL
185;01444;NULL;0.00;0.00;Y;N;SYS;2014-07-19 10:19:03.753;NULL;NULL
186;01445;NULL;0.00;0.00;Y;N;SYS;2014-07-19 10:19:03.753;NULL;NULL
187;01446;NULL;0.00;0.00;Y;N;SYS;2014-07-19 10:19:03.753;NULL;NULL
188;01447;NULL;0.00;0.00;Y;N;SYS;2014-07-19 10:19:03.753;NULL;NULL
189;01448;NULL;0.00;0.00;Y;N;SYS;2014-07-19 10:19:03.753;NULL;NULL
190;01449;NULL;1.00;0.00;Y;N;SYS;2014-07-19 10:19:03.753;NULL;2015-08-04 08:55:22.590
191;01450;NULL;1.00;0.00;Y;N;SYS;2014-07-19 10:19:03.753;NULL;2016-11-21 14:04:44.387
192;01451;NULL;0.00;0.00;Y;N;SYS;2014-07-19 10:19:03.753;NULL;NULL
193;01452;NULL;0.00;0.00;Y;N;SYS;2014-07-19 10:19:03.753;NULL;NULL
194;01453;NULL;0.00;0.00;Y;N;SYS;2014-07-19 10:19:03.753;NULL;NULL
195;01454;NULL;0.00;0.00;Y;N;SYS;2014-07-19 10:19:03.753;NULL;NULL
196;01455;NULL;0.00;0.00;Y;N;SYS;2014-07-19 10:19:03.753;NULL;NULL
197;01456;NULL;0.00;0.00;Y;N;SYS;2014-07-19 10:19:03.753;NULL;NULL
198;01457;NULL;0.00;0.00;Y;N;SYS;2014-07-19 10:19:03.753;NULL;NULL
199;01458;NULL;0.00;0.00;Y;N;SYS;2014-07-19 10:19:03.753;NULL;NULL
200;01459;NULL;0.00;0.00;Y;N;SYS;2014-07-19 10:19:03.753;NULL;NULL
201;01460;NULL;0.00;0.00;Y;N;SYS;2014-07-19 10:19:03.753;NULL;NULL
202;01461;NULL;0.00;0.00;Y;N;SYS;2014-07-19 10:19:03.753;NULL;NULL
203;01462;NULL;1.00;0.00;Y;N;SYS;2014-07-19 10:19:03.753;NULL;2025-07-10 11:22:09.063
204;01463;NULL;0.00;0.00;Y;N;SYS;2014-07-19 10:19:03.753;NULL;NULL
205;01464;NULL;0.00;0.00;Y;N;SYS;2014-07-19 10:19:03.753;NULL;NULL
206;01465;NULL;0.00;0.00;Y;N;SYS;2014-07-19 10:19:03.753;NULL;NULL
207;01466;NULL;0.00;0.00;Y;N;SYS;2014-07-19 10:19:03.753;NULL;NULL
208;01467;NULL;0.00;0.00;Y;N;SYS;2014-07-19 10:19:03.753;NULL;NULL
209;01468;NULL;0.00;0.00;Y;N;SYS;2014-07-19 10:19:03.753;NULL;NULL
210;01469;NULL;0.00;0.00;Y;N;SYS;2014-07-19 10:19:03.753;NULL;NULL
211;01470;NULL;0.00;0.00;Y;N;SYS;2014-07-19 10:19:03.753;NULL;NULL
212;01471;NULL;0.00;0.00;Y;N;SYS;2014-07-19 10:19:03.753;NULL;NULL
213;01472;NULL;0.00;0.00;Y;N;SYS;2014-07-19 10:19:03.753;NULL;NULL
214;01473;NULL;0.00;0.00;Y;N;SYS;2014-07-19 10:19:03.753;NULL;NULL
215;01474;NULL;0.00;0.00;Y;N;SYS;2014-07-19 10:19:03.753;NULL;NULL
216;01475;NULL;0.00;0.00;Y;N;SYS;2014-07-19 10:19:03.753;NULL;NULL
217;01476;NULL;0.00;0.00;Y;N;SYS;2014-07-19 10:19:03.753;NULL;NULL
218;01477;NULL;0.00;0.00;Y;N;SYS;2014-07-19 10:19:03.753;NULL;NULL
219;01478;NULL;0.00;0.00;Y;N;SYS;2014-07-19 10:19:03.753;NULL;NULL
220;01479;NULL;0.00;0.00;Y;N;SYS;2014-07-19 10:19:03.753;NULL;NULL
221;01480;NULL;0.00;0.00;Y;N;SYS;2014-07-19 10:19:03.753;NULL;NULL
222;01481;NULL;1.00;0.00;Y;N;SYS;2014-07-19 10:19:03.753;NULL;2026-02-06 11:41:55.110
223;01482;NULL;0.00;0.00;Y;N;SYS;2014-07-19 10:19:03.753;NULL;NULL
224;01483;NULL;0.00;0.00;Y;N;SYS;2014-07-19 10:19:03.753;NULL;NULL
225;01484;NULL;0.00;0.00;Y;N;SYS;2014-07-19 10:19:03.753;NULL;NULL
226;01485;NULL;0.00;0.00;Y;N;SYS;2014-07-19 10:19:03.753;NULL;NULL
227;01486;NULL;0.00;0.00;Y;N;SYS;2014-07-19 10:19:03.753;NULL;NULL
228;01487;NULL;0.00;0.00;Y;N;SYS;2014-07-19 10:19:03.753;NULL;NULL
229;01488;NULL;0.00;0.00;Y;N;SYS;2014-07-19 10:19:03.753;NULL;NULL
230;01489;NULL;0.00;0.00;Y;N;SYS;2014-07-19 10:19:03.753;NULL;NULL
231;01490;NULL;0.00;0.00;Y;N;SYS;2014-07-19 10:19:03.753;NULL;NULL
232;01491;NULL;0.00;0.00;Y;N;SYS;2014-07-19 10:19:03.753;NULL;NULL
233;01492;NULL;0.00;0.00;Y;N;SYS;2014-07-19 10:19:03.753;NULL;NULL
234;01493;NULL;0.00;0.00;Y;N;SYS;2014-07-19 10:19:03.753;NULL;NULL
235;01494;NULL;0.00;0.00;Y;N;SYS;2014-07-19 10:19:03.753;NULL;NULL
236;01495;NULL;0.00;0.00;Y;N;SYS;2014-07-19 10:19:03.753;NULL;NULL
237;01496;NULL;0.00;0.00;Y;N;SYS;2014-07-19 10:19:03.753;NULL;NULL
238;01497;NULL;0.00;0.00;Y;N;SYS;2014-07-19 10:19:03.753;NULL;NULL
239;01498;NULL;0.00;0.00;Y;N;SYS;2014-07-19 10:19:03.753;NULL;NULL
240;01499;NULL;0.00;0.00;Y;N;SYS;2014-07-19 10:19:03.753;NULL;NULL
241;01500;NULL;0.00;0.00;Y;N;SYS;2014-07-19 10:19:03.753;NULL;NULL
242;01501;NULL;0.00;0.00;Y;N;SYS;2014-07-19 10:19:03.753;NULL;NULL
243;01502;NULL;0.00;0.00;Y;N;SYS;2014-07-19 10:19:03.753;NULL;NULL
244;01503;NULL;0.00;0.00;Y;N;SYS;2014-07-19 10:19:03.753;NULL;NULL
245;01504;NULL;0.00;0.00;Y;N;SYS;2014-07-19 10:19:03.753;NULL;NULL
246;01505;NULL;0.00;0.00;Y;N;SYS;2014-07-19 10:19:03.753;NULL;NULL
247;01506;NULL;0.00;0.00;Y;N;SYS;2014-07-19 10:19:03.753;NULL;NULL
248;01507;NULL;0.00;0.00;Y;N;SYS;2014-07-19 10:19:03.753;NULL;NULL
249;01508;NULL;0.00;0.00;Y;N;SYS;2014-07-19 10:19:03.753;NULL;NULL
250;01509;NULL;0.00;0.00;Y;N;SYS;2014-07-19 10:19:03.753;NULL;NULL
251;01510;NULL;0.00;0.00;Y;N;SYS;2014-07-19 10:19:03.753;NULL;NULL
252;01511;NULL;0.00;0.00;Y;N;SYS;2014-07-19 10:19:03.753;NULL;NULL
253;01512;NULL;0.00;0.00;Y;N;SYS;2014-07-19 10:19:03.753;NULL;NULL
254;01513;NULL;0.00;0.00;Y;N;SYS;2014-07-19 10:19:03.753;NULL;NULL
255;01514;NULL;0.00;0.00;Y;N;SYS;2014-07-19 10:19:03.753;NULL;NULL
256;01515;NULL;0.00;0.00;Y;N;SYS;2014-07-19 10:19:03.753;NULL;NULL
257;01516;NULL;0.00;0.00;Y;N;SYS;2014-07-19 10:19:03.753;NULL;NULL
258;01517;NULL;0.00;0.00;Y;N;SYS;2014-07-19 10:19:03.753;NULL;NULL
259;01518;NULL;0.00;0.00;Y;N;SYS;2014-07-19 10:19:03.753;NULL;NULL
260;01519;NULL;0.00;0.00;Y;N;SYS;2014-07-19 10:19:03.753;NULL;NULL
261;01520;NULL;0.00;0.00;Y;N;SYS;2014-07-19 10:19:03.753;NULL;NULL
262;01521;NULL;0.00;0.00;Y;N;SYS;2014-07-19 10:19:03.753;NULL;NULL
263;01522;NULL;0.00;0.00;Y;N;SYS;2014-07-19 10:19:03.753;NULL;NULL
264;01523;NULL;0.00;0.00;Y;N;SYS;2014-07-19 10:19:03.753;NULL;NULL
265;01524;NULL;0.00;0.00;Y;N;SYS;2014-07-19 10:19:03.753;NULL;NULL
266;01525;NULL;0.00;0.00;Y;N;SYS;2014-07-19 10:19:03.753;NULL;NULL
267;01526;NULL;0.00;0.00;Y;N;SYS;2014-07-19 10:19:03.753;NULL;NULL
268;01527;NULL;0.00;0.00;Y;N;SYS;2014-07-19 10:19:03.753;NULL;NULL
269;01528;NULL;0.00;0.00;Y;N;SYS;2014-07-19 10:19:03.753;NULL;NULL
270;01529;NULL;0.00;0.00;Y;N;SYS;2014-07-19 10:19:03.753;NULL;NULL
271;01530;NULL;0.00;0.00;Y;N;SYS;2014-07-19 10:19:03.753;NULL;NULL
272;01531;NULL;0.00;0.00;Y;N;SYS;2014-07-19 10:19:03.753;NULL;NULL
273;01532;NULL;0.00;0.00;Y;N;SYS;2014-07-19 10:19:03.753;NULL;NULL
274;01533;NULL;0.00;0.00;Y;N;SYS;2014-07-19 10:19:03.753;NULL;NULL
275;01534;NULL;0.00;0.00;Y;N;SYS;2014-07-19 10:19:03.753;NULL;NULL
276;01535;NULL;0.00;0.00;Y;N;SYS;2014-07-19 10:19:03.753;NULL;NULL
277;01536;NULL;0.00;0.00;Y;N;SYS;2014-07-19 10:19:03.753;NULL;NULL
278;01537;NULL;0.00;0.00;Y;N;SYS;2014-07-19 10:19:03.753;NULL;NULL
279;01538;NULL;5.00;0.00;Y;N;SYS;2014-07-19 10:19:03.753;NULL;2024-04-01 14:36:49.073
280;01539;NULL;0.00;0.00;Y;N;SYS;2014-07-19 10:19:03.753;NULL;NULL
281;01540;NULL;0.00;0.00;Y;N;SYS;2014-07-19 10:19:03.753;NULL;NULL
282;01541;NULL;0.00;0.00;Y;N;SYS;2014-07-19 10:19:03.753;NULL;NULL
283;01542;NULL;3.00;0.00;Y;N;SYS;2014-07-19 10:19:03.753;NULL;2024-03-01 10:59:02.990
284;01543;NULL;3.00;0.00;Y;N;SYS;2014-07-19 10:19:03.753;NULL;2020-10-02 10:33:28.253
285;01544;NULL;0.00;0.00;Y;N;SYS;2014-07-19 10:19:03.753;NULL;NULL
286;01545;NULL;0.00;0.00;Y;N;SYS;2014-07-19 10:19:03.753;NULL;NULL
287;01546;NULL;0.00;0.00;Y;N;SYS;2014-07-19 10:19:03.753;NULL;NULL
288;01547;NULL;0.00;0.00;Y;N;SYS;2014-07-19 10:19:03.753;NULL;NULL
289;01549;NULL;0.00;0.00;Y;N;SYS;2014-07-19 10:19:03.753;NULL;NULL
290;01550;NULL;0.00;0.00;Y;N;SYS;2014-07-19 10:19:03.753;NULL;NULL
291;01551;NULL;0.00;0.00;Y;N;SYS;2014-07-19 10:19:03.753;NULL;NULL
292;01552;NULL;0.00;0.00;Y;N;SYS;2014-07-19 10:19:03.753;NULL;NULL
293;01553;NULL;0.00;0.00;Y;N;SYS;2014-07-19 10:19:03.753;NULL;NULL
294;01554;NULL;0.00;0.00;Y;N;SYS;2014-07-19 10:19:03.753;NULL;NULL
295;01555;NULL;0.00;0.00;Y;N;SYS;2014-07-19 10:19:03.753;NULL;NULL
296;01556;NULL;0.00;0.00;Y;N;SYS;2014-07-19 10:19:03.753;NULL;NULL
297;01557;NULL;0.00;0.00;Y;N;SYS;2014-07-19 10:19:03.753;NULL;NULL
298;01558;NULL;0.00;0.00;Y;N;SYS;2014-07-19 10:19:03.753;NULL;NULL
299;01559;NULL;0.00;0.00;Y;N;SYS;2014-07-19 10:19:03.753;NULL;NULL
300;01560;NULL;0.00;0.00;Y;N;SYS;2014-07-19 10:19:03.753;NULL;NULL
301;01561;NULL;0.00;0.00;Y;N;SYS;2014-07-19 10:19:03.753;NULL;NULL
302;01562;NULL;0.00;0.00;Y;N;SYS;2014-07-19 10:19:03.753;NULL;NULL
303;01563;NULL;0.00;0.00;Y;N;SYS;2014-07-19 10:19:03.753;NULL;NULL
304;01564;NULL;0.00;0.00;Y;N;SYS;2014-07-19 10:19:03.753;NULL;NULL
305;01565;NULL;0.00;0.00;Y;N;SYS;2014-07-19 10:19:03.753;NULL;NULL
306;01566;NULL;0.00;0.00;Y;N;SYS;2014-07-19 10:19:03.753;NULL;NULL
307;01567;NULL;0.00;0.00;Y;N;SYS;2014-07-19 10:19:03.753;NULL;NULL
308;01568;NULL;0.00;0.00;Y;N;SYS;2014-07-19 10:19:03.753;NULL;NULL
309;01569;NULL;0.00;0.00;Y;N;SYS;2014-07-19 10:19:03.753;NULL;NULL
310;01570;NULL;0.00;0.00;Y;N;SYS;2014-07-19 10:19:03.753;NULL;NULL
311;01571;NULL;0.00;0.00;Y;N;SYS;2014-07-19 10:19:03.753;NULL;NULL
312;01572;NULL;0.00;0.00;Y;N;SYS;2014-07-19 10:19:03.753;NULL;NULL
313;01573;NULL;0.00;0.00;Y;N;SYS;2014-07-19 10:19:03.753;NULL;NULL
314;01574;NULL;0.00;0.00;Y;N;SYS;2014-07-19 10:19:03.753;NULL;NULL
315;01575;NULL;0.00;0.00;Y;N;SYS;2014-07-19 10:19:03.753;NULL;NULL
316;01576;NULL;0.00;0.00;Y;N;SYS;2014-07-19 10:19:03.753;NULL;NULL
317;01577;NULL;1.00;0.00;Y;N;SYS;2014-07-19 10:19:03.753;NULL;2022-06-15 14:38:50.873
318;01578;NULL;18.00;0.00;Y;N;SYS;2014-07-19 10:19:03.753;NULL;2023-10-10 11:37:30.973
319;01579;NULL;0.00;0.00;Y;N;SYS;2014-07-19 10:19:03.753;NULL;NULL
320;01580;NULL;0.00;0.00;Y;N;SYS;2014-07-19 10:19:03.753;NULL;NULL
321;01581;NULL;3.00;0.00;Y;N;SYS;2014-07-19 10:19:03.753;NULL;2015-07-27 16:05:05.393
322;01582;NULL;0.00;0.00;Y;N;SYS;2014-07-19 10:19:03.753;NULL;NULL
323;01583;NULL;0.00;0.00;Y;N;SYS;2014-07-19 10:19:03.753;NULL;NULL
324;01584;NULL;0.00;0.00;Y;N;SYS;2014-07-19 10:19:03.753;NULL;NULL
325;01585;NULL;0.00;0.00;Y;N;SYS;2014-07-19 10:19:03.753;NULL;NULL
326;01586;NULL;0.00;0.00;Y;N;SYS;2014-07-19 10:19:03.753;NULL;NULL
327;01587;NULL;0.00;0.00;Y;N;SYS;2014-07-19 10:19:03.753;NULL;NULL
328;01588;NULL;0.00;0.00;Y;N;SYS;2014-07-19 10:19:03.753;NULL;NULL
329;01589;NULL;0.00;0.00;Y;N;SYS;2014-07-19 10:19:03.753;NULL;NULL
330;01590;NULL;1.00;0.00;Y;N;SYS;2014-07-19 10:19:03.753;NULL;2024-02-16 17:28:54.590
331;01591;NULL;0.00;0.00;Y;N;SYS;2014-07-19 10:19:03.753;NULL;NULL
332;01592;NULL;0.00;0.00;Y;N;SYS;2014-07-19 10:19:03.753;NULL;NULL
333;01593;NULL;0.00;0.00;Y;N;SYS;2014-07-19 10:19:03.753;NULL;NULL
334;01594;NULL;0.00;0.00;Y;N;SYS;2014-07-19 10:19:03.753;NULL;NULL
335;01595;NULL;0.00;0.00;Y;N;SYS;2014-07-19 10:19:03.753;NULL;NULL
336;01596;NULL;0.00;0.00;Y;N;SYS;2014-07-19 10:19:03.753;NULL;NULL
337;01597;NULL;0.00;0.00;Y;N;SYS;2014-07-19 10:19:03.753;NULL;NULL
338;01598;NULL;0.00;0.00;Y;N;SYS;2014-07-19 10:19:03.753;NULL;NULL
339;01599;NULL;0.00;0.00;Y;N;SYS;2014-07-19 10:19:03.753;NULL;NULL
340;01600;NULL;0.00;0.00;Y;N;SYS;2014-07-19 10:19:03.753;NULL;NULL
341;01601;NULL;0.00;0.00;Y;N;SYS;2014-07-19 10:19:03.753;NULL;NULL
342;01602;NULL;0.00;0.00;Y;N;SYS;2014-07-19 10:19:03.753;NULL;NULL
343;01603;NULL;0.00;0.00;Y;N;SYS;2014-07-19 10:19:03.753;NULL;NULL
344;01604;NULL;0.00;0.00;Y;N;SYS;2014-07-19 10:19:03.753;NULL;NULL
345;01605;NULL;0.00;0.00;Y;N;SYS;2014-07-19 10:19:03.753;NULL;NULL
346;01606;NULL;0.00;0.00;Y;N;SYS;2014-07-19 10:19:03.753;NULL;NULL
347;01607;NULL;1.00;0.00;Y;N;SYS;2014-07-19 10:19:03.753;NULL;2021-01-15 10:35:47.437
348;01608;NULL;0.00;0.00;Y;N;SYS;2014-07-19 10:19:03.753;NULL;NULL
349;01609;NULL;0.00;0.00;Y;N;SYS;2014-07-19 10:19:03.753;NULL;NULL
350;01610;NULL;0.00;0.00;Y;N;SYS;2014-07-19 10:19:03.753;NULL;NULL
351;01611;NULL;0.00;0.00;Y;N;SYS;2014-07-19 10:19:03.753;NULL;NULL
352;01612;NULL;0.00;0.00;Y;N;SYS;2014-07-19 10:19:03.753;NULL;NULL
353;01613;NULL;1.00;0.00;Y;N;SYS;2014-07-19 10:19:03.753;NULL;NULL
354;01614;NULL;0.00;0.00;Y;N;SYS;2014-07-19 10:19:03.753;NULL;NULL
355;01615;NULL;0.00;0.00;Y;N;SYS;2014-07-19 10:19:03.753;NULL;NULL
356;01616;NULL;0.00;0.00;Y;N;SYS;2014-07-19 10:19:03.753;NULL;NULL
357;01617;NULL;0.00;0.00;Y;N;SYS;2014-07-19 10:19:03.753;NULL;NULL
358;01618;NULL;0.00;0.00;Y;N;SYS;2014-07-19 10:19:03.753;NULL;NULL
359;01619;NULL;0.00;0.00;Y;N;SYS;2014-07-19 10:19:03.753;NULL;NULL
360;01620;NULL;0.00;0.00;Y;N;SYS;2014-07-19 10:19:03.753;NULL;NULL
361;01621;NULL;0.00;0.00;Y;N;SYS;2014-07-19 10:19:03.753;NULL;NULL
362;01622;NULL;0.00;0.00;Y;N;SYS;2014-07-19 10:19:03.753;NULL;NULL
363;01623;NULL;0.00;0.00;Y;N;SYS;2014-07-19 10:19:03.753;NULL;NULL
364;01624;NULL;0.00;0.00;Y;N;SYS;2014-07-19 10:19:03.753;NULL;NULL
365;01625;NULL;0.00;0.00;Y;N;SYS;2014-07-19 10:19:03.753;NULL;NULL
366;01626;NULL;0.00;0.00;Y;N;SYS;2014-07-19 10:19:03.753;NULL;NULL
367;01627;NULL;0.00;0.00;Y;N;SYS;2014-07-19 10:19:03.753;NULL;NULL
368;01628;NULL;1.00;0.00;Y;N;SYS;2014-07-19 10:19:03.753;NULL;2015-06-19 07:52:07.397
369;01629;NULL;0.00;0.00;Y;N;SYS;2014-07-19 10:19:03.753;NULL;NULL
370;01630;NULL;0.00;0.00;Y;N;SYS;2014-07-19 10:19:03.753;NULL;NULL
371;01631;NULL;0.00;0.00;Y;N;SYS;2014-07-19 10:19:03.753;NULL;NULL
372;01632;NULL;0.00;0.00;Y;N;SYS;2014-07-19 10:19:03.753;NULL;NULL
373;01633;NULL;0.00;0.00;Y;N;SYS;2014-07-19 10:19:03.753;NULL;NULL
374;01634;NULL;0.00;0.00;Y;N;SYS;2014-07-19 10:19:03.753;NULL;NULL
375;01635;NULL;0.00;0.00;Y;N;SYS;2014-07-19 10:19:03.753;NULL;NULL
376;01636;NULL;0.00;0.00;Y;N;SYS;2014-07-19 10:19:03.753;NULL;NULL
377;01637;NULL;1.00;0.00;Y;N;SYS;2014-07-19 10:19:03.753;NULL;2016-06-29 10:45:35.247
378;01638;NULL;0.00;0.00;Y;N;SYS;2014-07-19 10:19:03.753;NULL;NULL
379;01639;NULL;1.00;0.00;Y;N;SYS;2014-07-19 10:19:03.753;NULL;2020-01-07 09:21:56.600
380;01640;NULL;0.00;0.00;Y;N;SYS;2014-07-19 10:19:03.753;NULL;NULL
381;01641;NULL;0.00;0.00;Y;N;SYS;2014-07-19 10:19:03.753;NULL;NULL
382;01642;NULL;0.00;0.00;Y;N;SYS;2014-07-19 10:19:03.753;NULL;NULL
383;01643;NULL;0.00;0.00;Y;N;SYS;2014-07-19 10:19:03.753;NULL;NULL
384;01644;NULL;4.00;0.00;Y;N;SYS;2014-07-19 10:19:03.753;NULL;NULL
385;01645;NULL;1.00;0.00;Y;N;SYS;2014-07-19 10:19:03.753;NULL;2015-06-19 07:42:12.753
386;01646;NULL;3.00;0.00;Y;N;SYS;2014-07-19 10:19:03.753;NULL;2015-06-19 07:42:12.753
387;01647;NULL;0.00;0.00;Y;N;SYS;2014-07-19 10:19:03.753;NULL;NULL
388;01648;NULL;0.00;0.00;Y;N;SYS;2014-07-19 10:19:03.753;NULL;NULL
389;01649;NULL;1.00;0.00;Y;N;SYS;2014-07-19 10:19:03.753;NULL;2015-06-19 07:42:12.770
390;01650;NULL;0.00;0.00;Y;N;SYS;2014-07-19 10:19:03.753;NULL;NULL
391;01651;NULL;0.00;0.00;Y;N;SYS;2014-07-19 10:19:03.753;NULL;NULL
392;01652;NULL;1.00;0.00;Y;N;SYS;2014-07-19 10:19:03.753;NULL;2015-12-16 11:09:16.363
393;01653;NULL;0.00;0.00;Y;N;SYS;2014-07-19 10:19:03.753;NULL;NULL
394;01654;NULL;0.00;0.00;Y;N;SYS;2014-07-19 10:19:03.753;NULL;NULL
395;01655;NULL;0.00;0.00;Y;N;SYS;2014-07-19 10:19:03.753;NULL;NULL
396;01656;NULL;20.00;0.00;Y;N;SYS;2014-07-19 10:19:03.753;NULL;2015-08-08 07:32:33.137
397;01657;NULL;0.00;0.00;Y;N;SYS;2014-07-19 10:19:03.753;NULL;NULL
398;01658;NULL;0.00;0.00;Y;N;SYS;2014-07-19 10:19:03.753;NULL;NULL
399;01659;NULL;0.00;0.00;Y;N;SYS;2014-07-19 10:19:03.753;NULL;NULL
400;01660;NULL;0.00;0.00;Y;N;SYS;2014-07-19 10:19:03.753;NULL;NULL
401;01661;NULL;0.00;0.00;Y;N;SYS;2014-07-19 10:19:03.753;NULL;NULL
402;01662;NULL;0.00;0.00;Y;N;SYS;2014-07-19 10:19:03.753;NULL;NULL
403;01663;NULL;0.00;0.00;Y;N;SYS;2014-07-19 10:19:03.753;NULL;NULL
404;01664;NULL;0.00;0.00;Y;N;SYS;2014-07-19 10:19:03.753;NULL;NULL
405;01665;NULL;0.00;0.00;Y;N;SYS;2014-07-19 10:19:03.753;NULL;NULL
406;01666;NULL;0.00;0.00;Y;N;SYS;2014-07-19 10:19:03.753;NULL;NULL
407;01667;NULL;0.00;0.00;Y;N;SYS;2014-07-19 10:19:03.753;NULL;NULL
408;01668;NULL;0.00;0.00;Y;N;SYS;2014-07-19 10:19:03.753;NULL;NULL
409;01669;NULL;0.00;0.00;Y;N;SYS;2014-07-19 10:19:03.753;NULL;NULL
410;01670;NULL;2.00;0.00;Y;N;SYS;2014-07-19 10:19:03.753;NULL;2018-03-20 13:55:02.110
411;01671;NULL;0.00;0.00;Y;N;SYS;2014-07-19 10:19:03.753;NULL;NULL
412;01672;NULL;0.00;0.00;Y;N;SYS;2014-07-19 10:19:03.753;NULL;NULL
413;01673;NULL;0.00;0.00;Y;N;SYS;2014-07-19 10:19:03.753;NULL;NULL
414;01674;NULL;0.00;0.00;Y;N;SYS;2014-07-19 10:19:03.753;NULL;NULL
415;01675;NULL;0.00;0.00;Y;N;SYS;2014-07-19 10:19:03.753;NULL;NULL
416;01676;NULL;0.00;0.00;Y;N;SYS;2014-07-19 10:19:03.753;NULL;NULL
417;01677;NULL;0.00;0.00;Y;N;SYS;2014-07-19 10:19:03.753;NULL;NULL
418;01678;NULL;0.00;0.00;Y;N;SYS;2014-07-19 10:19:03.753;NULL;NULL
419;01679;NULL;0.00;0.00;Y;N;SYS;2014-07-19 10:19:03.753;NULL;NULL
420;01680;NULL;0.00;0.00;Y;N;SYS;2014-07-19 10:19:03.753;NULL;NULL
421;01681;NULL;3.00;0.00;Y;N;SYS;2014-07-19 10:19:03.753;NULL;2021-02-17 11:23:08.190
422;01682;NULL;0.00;0.00;Y;N;SYS;2014-07-19 10:19:03.753;NULL;NULL
423;01683;NULL;0.00;0.00;Y;N;SYS;2014-07-19 10:19:03.753;NULL;NULL
424;01684;NULL;1.00;0.00;Y;N;SYS;2014-07-19 10:19:03.753;NULL;2024-05-21 13:53:59.693
425;01685;NULL;0.00;0.00;Y;N;SYS;2014-07-19 10:19:03.753;NULL;NULL
426;01686;NULL;0.00;0.00;Y;N;SYS;2014-07-19 10:19:03.753;NULL;NULL
427;01687;NULL;0.00;0.00;Y;N;SYS;2014-07-19 10:19:03.753;NULL;NULL
428;01688;NULL;0.00;0.00;Y;N;SYS;2014-07-19 10:19:03.753;NULL;NULL
429;01689;NULL;0.00;0.00;Y;N;SYS;2014-07-19 10:19:03.753;NULL;NULL
430;01690;NULL;0.00;0.00;Y;N;SYS;2014-07-19 10:19:03.753;NULL;NULL
431;01691;NULL;0.00;0.00;Y;N;SYS;2014-07-19 10:19:03.753;NULL;NULL
432;01692;NULL;0.00;0.00;Y;N;SYS;2014-07-19 10:19:03.753;NULL;NULL
433;01693;NULL;0.00;0.00;Y;N;SYS;2014-07-19 10:19:03.753;NULL;NULL
434;01694;NULL;0.00;0.00;Y;N;SYS;2014-07-19 10:19:03.753;NULL;NULL
435;01695;NULL;0.00;0.00;Y;N;SYS;2014-07-19 10:19:03.753;NULL;NULL
436;01696;NULL;0.00;0.00;Y;N;SYS;2014-07-19 10:19:03.753;NULL;NULL
437;01697;NULL;0.00;0.00;Y;N;SYS;2014-07-19 10:19:03.753;NULL;NULL
438;01698;NULL;0.00;0.00;Y;N;SYS;2014-07-19 10:19:03.753;NULL;NULL
439;01699;NULL;0.00;0.00;Y;N;SYS;2014-07-19 10:19:03.753;NULL;NULL
440;01700;NULL;0.00;0.00;Y;N;SYS;2014-07-19 10:19:03.753;NULL;NULL
441;01701;NULL;0.00;0.00;Y;N;SYS;2014-07-19 10:19:03.753;NULL;NULL
442;01702;NULL;0.00;0.00;Y;N;SYS;2014-07-19 10:19:03.753;NULL;NULL
443;01703;NULL;0.00;0.00;Y;N;SYS;2014-07-19 10:19:03.753;NULL;NULL
444;01704;NULL;0.00;0.00;Y;N;SYS;2014-07-19 10:19:03.753;NULL;NULL
445;01705;NULL;0.00;0.00;Y;N;SYS;2014-07-19 10:19:03.753;NULL;NULL
446;01706;NULL;0.00;0.00;Y;N;SYS;2014-07-19 10:19:03.753;NULL;NULL
447;01707;NULL;0.00;0.00;Y;N;SYS;2014-07-19 10:19:03.753;NULL;NULL
448;01708;NULL;0.00;0.00;Y;N;SYS;2014-07-19 10:19:03.753;NULL;NULL
449;01709;NULL;0.00;0.00;Y;N;SYS;2014-07-19 10:19:03.753;NULL;NULL
450;01711;NULL;0.00;0.00;Y;N;SYS;2014-07-19 10:19:03.753;NULL;NULL
451;01712;NULL;0.00;0.00;Y;N;SYS;2014-07-19 10:19:03.753;NULL;NULL
452;01713;NULL;0.00;0.00;Y;N;SYS;2014-07-19 10:19:03.753;NULL;NULL
453;01714;NULL;0.00;0.00;Y;N;SYS;2014-07-19 10:19:03.753;NULL;NULL
454;01715;NULL;0.00;0.00;Y;N;SYS;2014-07-19 10:19:03.753;NULL;NULL
455;01716;NULL;1.00;0.00;Y;N;SYS;2014-07-19 10:19:03.753;NULL;2022-04-13 10:42:44.070
456;01717;NULL;0.00;0.00;Y;N;SYS;2014-07-19 10:19:03.753;NULL;NULL
457;01718;NULL;0.00;0.00;Y;N;SYS;2014-07-19 10:19:03.753;NULL;NULL
458;01719;NULL;0.00;0.00;Y;N;SYS;2014-07-19 10:19:03.753;NULL;NULL
459;01720;NULL;0.00;0.00;Y;N;SYS;2014-07-19 10:19:03.753;NULL;NULL
460;01721;NULL;0.00;0.00;Y;N;SYS;2014-07-19 10:19:03.753;NULL;NULL
461;01722;NULL;0.00;0.00;Y;N;SYS;2014-07-19 10:19:03.753;NULL;NULL
462;01723;NULL;0.00;0.00;Y;N;SYS;2014-07-19 10:19:03.753;NULL;NULL
463;01724;NULL;0.00;0.00;Y;N;SYS;2014-07-19 10:19:03.753;NULL;NULL
464;01725;NULL;0.00;0.00;Y;N;SYS;2014-07-19 10:19:03.753;NULL;NULL
465;01726;NULL;0.00;0.00;Y;N;SYS;2014-07-19 10:19:03.753;NULL;NULL
466;01727;NULL;0.00;0.00;Y;N;SYS;2014-07-19 10:19:03.753;NULL;NULL
467;01728;NULL;0.00;0.00;Y;N;SYS;2014-07-19 10:19:03.753;NULL;NULL
468;01729;NULL;0.00;0.00;Y;N;SYS;2014-07-19 10:19:03.753;NULL;NULL
469;01730;NULL;0.00;0.00;Y;N;SYS;2014-07-19 10:19:03.753;NULL;NULL
470;01731;NULL;0.00;0.00;Y;N;SYS;2014-07-19 10:19:03.753;NULL;NULL
471;01732;NULL;0.00;0.00;Y;N;SYS;2014-07-19 10:19:03.753;NULL;NULL
472;01733;NULL;0.00;0.00;Y;N;SYS;2014-07-19 10:19:03.753;NULL;NULL
473;01734;NULL;0.00;0.00;Y;N;SYS;2014-07-19 10:19:03.753;NULL;NULL
474;01735;NULL;0.00;0.00;Y;N;SYS;2014-07-19 10:19:03.753;NULL;NULL
475;01736;NULL;1.00;0.00;Y;N;SYS;2014-07-19 10:19:03.753;NULL;2018-08-20 14:43:18.550
476;01737;NULL;0.00;0.00;Y;N;SYS;2014-07-19 10:19:03.753;NULL;NULL
477;01738;NULL;0.00;0.00;Y;N;SYS;2014-07-19 10:19:03.753;NULL;NULL
478;01739;NULL;8.00;0.00;Y;N;SYS;2014-07-19 10:19:03.753;NULL;2018-08-11 12:33:25.337
479;01740;NULL;0.00;0.00;Y;N;SYS;2014-07-19 10:19:03.753;NULL;NULL
480;01741;NULL;0.00;0.00;Y;N;SYS;2014-07-19 10:19:03.753;NULL;NULL
481;01742;NULL;0.00;0.00;Y;N;SYS;2014-07-19 10:19:03.753;NULL;NULL
482;01743;NULL;0.00;0.00;Y;N;SYS;2014-07-19 10:19:03.753;NULL;NULL
483;01744;NULL;0.00;0.00;Y;N;SYS;2014-07-19 10:19:03.753;NULL;NULL
484;01745;NULL;10.00;0.00;Y;N;SYS;2014-07-19 10:19:03.753;NULL;2024-05-21 13:46:45.947
485;01746;NULL;0.00;0.00;Y;N;SYS;2014-07-19 10:19:03.753;NULL;NULL
486;01747;NULL;0.00;0.00;Y;N;SYS;2014-07-19 10:19:03.753;NULL;NULL
487;01748;NULL;0.00;0.00;Y;N;SYS;2014-07-19 10:19:03.753;NULL;NULL
488;01749;NULL;0.00;0.00;Y;N;SYS;2014-07-19 10:19:03.753;NULL;NULL
489;01750;NULL;0.00;0.00;Y;N;SYS;2014-07-19 10:19:03.753;NULL;NULL
490;01751;NULL;0.00;0.00;Y;N;SYS;2014-07-19 10:19:03.753;NULL;NULL
491;01752;NULL;0.00;0.00;Y;N;SYS;2014-07-19 10:19:03.753;NULL;NULL
492;01753;NULL;0.00;0.00;Y;N;SYS;2014-07-19 10:19:03.753;NULL;NULL
493;01754;NULL;0.00;0.00;Y;N;SYS;2014-07-19 10:19:03.753;NULL;NULL
494;01755;NULL;0.00;0.00;Y;N;SYS;2014-07-19 10:19:03.753;NULL;NULL
495;01756;NULL;0.00;0.00;Y;N;SYS;2014-07-19 10:19:03.753;NULL;NULL
496;01757;NULL;0.00;0.00;Y;N;SYS;2014-07-19 10:19:03.753;NULL;NULL
497;01758;NULL;1.00;0.00;Y;N;SYS;2014-07-19 10:19:03.753;NULL;2018-03-20 11:53:55.370
498;01759;NULL;0.00;0.00;Y;N;SYS;2014-07-19 10:19:03.753;NULL;NULL
499;01760;NULL;2.00;0.00;Y;N;SYS;2014-07-19 10:19:03.753;NULL;2017-07-10 09:10:18.313
500;01761;NULL;0.00;0.00;Y;N;SYS;2014-07-19 10:19:03.753;NULL;NULL
501;01762;NULL;0.00;0.00;Y;N;SYS;2014-07-19 10:19:03.753;NULL;NULL
502;01763;NULL;1.00;0.00;Y;N;SYS;2014-07-19 10:19:03.753;NULL;NULL
503;01764;NULL;0.00;0.00;Y;N;SYS;2014-07-19 10:19:03.753;NULL;NULL
504;01765;NULL;0.00;0.00;Y;N;SYS;2014-07-19 10:19:03.753;NULL;NULL
505;01766;NULL;0.00;0.00;Y;N;SYS;2014-07-19 10:19:03.753;NULL;NULL
506;01767;NULL;0.00;0.00;Y;N;SYS;2014-07-19 10:19:03.753;NULL;NULL
507;01768;NULL;0.00;0.00;Y;N;SYS;2014-07-19 10:19:03.753;NULL;NULL
508;01769;NULL;0.00;0.00;Y;N;SYS;2014-07-19 10:19:03.753;NULL;NULL
509;01770;NULL;0.00;0.00;Y;N;SYS;2014-07-19 10:19:03.753;NULL;NULL
510;01771;NULL;0.00;0.00;Y;N;SYS;2014-07-19 10:19:03.753;NULL;NULL
511;01772;NULL;0.00;0.00;Y;N;SYS;2014-07-19 10:19:03.753;NULL;NULL
512;01773;NULL;0.00;0.00;Y;N;SYS;2014-07-19 10:19:03.753;NULL;NULL
513;01774;NULL;0.00;0.00;Y;N;SYS;2014-07-19 10:19:03.753;NULL;NULL
514;01775;NULL;0.00;0.00;Y;N;SYS;2014-07-19 10:19:03.753;NULL;NULL
515;01776;NULL;0.00;0.00;Y;N;SYS;2014-07-19 10:19:03.753;NULL;NULL
516;01777;NULL;0.00;0.00;Y;N;SYS;2014-07-19 10:19:03.753;NULL;NULL
517;01778;NULL;0.00;0.00;Y;N;SYS;2014-07-19 10:19:03.753;NULL;NULL
518;01779;NULL;0.00;0.00;Y;N;SYS;2014-07-19 10:19:03.753;NULL;NULL
519;01780;NULL;0.00;0.00;Y;N;SYS;2014-07-19 10:19:03.753;NULL;NULL
520;01781;NULL;1.00;0.00;Y;N;SYS;2014-07-19 10:19:03.753;NULL;NULL
521;01782;NULL;0.00;0.00;Y;N;SYS;2014-07-19 10:19:03.753;NULL;NULL
522;01783;NULL;0.00;0.00;Y;N;SYS;2014-07-19 10:19:03.753;NULL;NULL
523;01784;NULL;0.00;0.00;Y;N;SYS;2014-07-19 10:19:03.753;NULL;NULL
524;01785;NULL;0.00;0.00;Y;N;SYS;2014-07-19 10:19:03.753;NULL;NULL
525;01786;NULL;0.00;0.00;Y;N;SYS;2014-07-19 10:19:03.753;NULL;NULL
526;01787;NULL;0.00;0.00;Y;N;SYS;2014-07-19 10:19:03.753;NULL;NULL
527;01788;NULL;0.00;0.00;Y;N;SYS;2014-07-19 10:19:03.753;NULL;NULL
528;01789;NULL;0.00;0.00;Y;N;SYS;2014-07-19 10:19:03.753;NULL;NULL
529;01790;NULL;0.00;0.00;Y;N;SYS;2014-07-19 10:19:03.753;NULL;NULL
530;01791;NULL;0.00;0.00;Y;N;SYS;2014-07-19 10:19:03.753;NULL;NULL
531;01792;NULL;0.00;0.00;Y;N;SYS;2014-07-19 10:19:03.753;NULL;NULL
532;01793;NULL;0.00;0.00;Y;N;SYS;2014-07-19 10:19:03.753;NULL;NULL
533;01794;NULL;0.00;0.00;Y;N;SYS;2014-07-19 10:19:03.753;NULL;NULL
534;01795;NULL;0.00;0.00;Y;N;SYS;2014-07-19 10:19:03.753;NULL;NULL
535;01796;NULL;0.00;0.00;Y;N;SYS;2014-07-19 10:19:03.753;NULL;NULL
536;01797;NULL;0.00;0.00;Y;N;SYS;2014-07-19 10:19:03.753;NULL;NULL
537;01798;NULL;0.00;0.00;Y;N;SYS;2014-07-19 10:19:03.753;NULL;NULL
538;01799;NULL;0.00;0.00;Y;N;SYS;2014-07-19 10:19:03.753;NULL;NULL
539;01800;NULL;0.00;0.00;Y;N;SYS;2014-07-19 10:19:03.753;NULL;NULL
540;01801;NULL;0.00;0.00;Y;N;SYS;2014-07-19 10:19:03.753;NULL;NULL
541;01802;NULL;0.00;0.00;Y;N;SYS;2014-07-19 10:19:03.753;NULL;NULL
542;01803;NULL;0.00;0.00;Y;N;SYS;2014-07-19 10:19:03.753;NULL;NULL
543;01804;NULL;0.00;0.00;Y;N;SYS;2014-07-19 10:19:03.753;NULL;NULL
544;01805;NULL;1.00;0.00;Y;N;SYS;2014-07-19 10:19:03.753;NULL;NULL
545;01806;NULL;0.00;0.00;Y;N;SYS;2014-07-19 10:19:03.753;NULL;NULL
546;01807;NULL;0.00;0.00;Y;N;SYS;2014-07-19 10:19:03.753;NULL;NULL
547;01809;NULL;0.00;0.00;Y;N;SYS;2014-07-19 10:19:03.753;NULL;NULL
548;01810;NULL;5.00;0.00;Y;N;SYS;2014-07-19 10:19:03.753;NULL;2021-08-04 14:03:43.113
549;01811;NULL;0.00;0.00;Y;N;SYS;2014-07-19 10:19:03.753;NULL;NULL
550;01812;NULL;1.00;0.00;Y;N;SYS;2014-07-19 10:19:03.753;NULL;2024-08-14 13:40:33.110
551;01813;NULL;0.00;0.00;Y;N;SYS;2014-07-19 10:19:03.753;NULL;NULL
552;01814;NULL;0.00;0.00;Y;N;SYS;2014-07-19 10:19:03.753;NULL;NULL
553;01815;NULL;2.00;0.00;Y;N;SYS;2014-07-19 10:19:03.753;NULL;2024-05-03 11:42:55.793
554;01816;NULL;0.00;0.00;Y;N;SYS;2014-07-19 10:19:03.753;NULL;NULL
555;01817;NULL;0.00;0.00;Y;N;SYS;2014-07-19 10:19:03.753;NULL;NULL
556;01818;NULL;0.00;0.00;Y;N;SYS;2014-07-19 10:19:03.753;NULL;NULL
557;01819;NULL;0.00;0.00;Y;N;SYS;2014-07-19 10:19:03.753;NULL;NULL
558;01820;NULL;0.00;0.00;Y;N;SYS;2014-07-19 10:19:03.753;NULL;NULL
559;01821;NULL;0.00;0.00;Y;N;SYS;2014-07-19 10:19:03.753;NULL;NULL
560;01822;NULL;0.00;0.00;Y;N;SYS;2014-07-19 10:19:03.753;NULL;NULL
561;01823;NULL;0.00;0.00;Y;N;SYS;2014-07-19 10:19:03.753;NULL;NULL
562;01824;NULL;0.00;0.00;Y;N;SYS;2014-07-19 10:19:03.753;NULL;NULL
563;01825;NULL;0.00;0.00;Y;N;SYS;2014-07-19 10:19:03.753;NULL;NULL
564;01826;NULL;0.00;0.00;Y;N;SYS;2014-07-19 10:19:03.753;NULL;NULL
565;01827;NULL;0.00;0.00;Y;N;SYS;2014-07-19 10:19:03.753;NULL;NULL
566;01828;NULL;0.00;0.00;Y;N;SYS;2014-07-19 10:19:03.753;NULL;NULL
567;01829;NULL;0.00;0.00;Y;N;SYS;2014-07-19 10:19:03.753;NULL;NULL
568;01830;NULL;0.00;0.00;Y;N;SYS;2014-07-19 10:19:03.753;NULL;NULL
569;01831;NULL;0.00;0.00;Y;N;SYS;2014-07-19 10:19:03.753;NULL;NULL
570;01832;NULL;0.00;0.00;Y;N;SYS;2014-07-19 10:19:03.753;NULL;NULL
571;01833;NULL;3.00;0.00;Y;N;SYS;2014-07-19 10:19:03.753;NULL;NULL
572;01834;NULL;0.00;0.00;Y;N;SYS;2014-07-19 10:19:03.753;NULL;NULL
573;01835;NULL;0.00;0.00;Y;N;SYS;2014-07-19 10:19:03.753;NULL;NULL
574;01836;NULL;0.00;0.00;Y;N;SYS;2014-07-19 10:19:03.753;NULL;NULL
575;01837;NULL;0.00;0.00;Y;N;SYS;2014-07-19 10:19:03.753;NULL;NULL
576;01838;NULL;0.00;0.00;Y;N;SYS;2014-07-19 10:19:03.753;NULL;NULL
577;01839;NULL;0.00;0.00;Y;N;SYS;2014-07-19 10:19:03.753;NULL;NULL
578;01840;NULL;0.00;0.00;Y;N;SYS;2014-07-19 10:19:03.753;NULL;NULL
579;01841;NULL;0.00;0.00;Y;N;SYS;2014-07-19 10:19:03.753;NULL;NULL
580;01842;NULL;0.00;0.00;Y;N;SYS;2014-07-19 10:19:03.753;NULL;NULL
581;01843;NULL;0.00;0.00;Y;N;SYS;2014-07-19 10:19:03.753;NULL;NULL
582;01844;NULL;0.00;0.00;Y;N;SYS;2014-07-19 10:19:03.753;NULL;NULL
583;01845;NULL;0.00;0.00;Y;N;SYS;2014-07-19 10:19:03.753;NULL;NULL
584;01846;NULL;0.00;0.00;Y;N;SYS;2014-07-19 10:19:03.753;NULL;NULL
585;01847;NULL;0.00;0.00;Y;N;SYS;2014-07-19 10:19:03.753;NULL;NULL
586;01848;NULL;0.00;0.00;Y;N;SYS;2014-07-19 10:19:03.753;NULL;NULL
587;01849;NULL;0.00;0.00;Y;N;SYS;2014-07-19 10:19:03.753;NULL;NULL
588;01850;NULL;0.00;0.00;Y;N;SYS;2014-07-19 10:19:03.753;NULL;NULL
589;01851;NULL;0.00;0.00;Y;N;SYS;2014-07-19 10:19:03.753;NULL;NULL
590;01852;NULL;0.00;0.00;Y;N;SYS;2014-07-19 10:19:03.753;NULL;NULL
591;01853;NULL;0.00;0.00;Y;N;SYS;2014-07-19 10:19:03.753;NULL;NULL
592;01854;NULL;0.00;0.00;Y;N;SYS;2014-07-19 10:19:03.753;NULL;NULL
593;01855;NULL;0.00;0.00;Y;N;SYS;2014-07-19 10:19:03.753;NULL;NULL
594;01856;NULL;0.00;0.00;Y;N;SYS;2014-07-19 10:19:03.753;NULL;NULL
595;01857;NULL;0.00;0.00;Y;N;SYS;2014-07-19 10:19:03.753;NULL;NULL
596;01858;NULL;0.00;0.00;Y;N;SYS;2014-07-19 10:19:03.753;NULL;NULL
597;01860;NULL;0.00;0.00;Y;N;SYS;2014-07-19 10:19:03.753;NULL;NULL
598;01861;NULL;0.00;0.00;Y;N;SYS;2014-07-19 10:19:03.753;NULL;NULL
599;01862;NULL;0.00;0.00;Y;N;SYS;2014-07-19 10:19:03.753;NULL;NULL
600;01863;NULL;0.00;0.00;Y;N;SYS;2014-07-19 10:19:03.753;NULL;NULL
601;01864;NULL;0.00;0.00;Y;N;SYS;2014-07-19 10:19:03.753;NULL;NULL
602;01865;NULL;0.00;0.00;Y;N;SYS;2014-07-19 10:19:03.753;NULL;NULL
603;01866;NULL;0.00;0.00;Y;N;SYS;2014-07-19 10:19:03.753;NULL;NULL
604;01867;NULL;0.00;0.00;Y;N;SYS;2014-07-19 10:19:03.753;NULL;NULL
605;01868;NULL;0.00;0.00;Y;N;SYS;2014-07-19 10:19:03.753;NULL;NULL
606;01869;NULL;0.00;0.00;Y;N;SYS;2014-07-19 10:19:03.753;NULL;NULL
607;01870;NULL;0.00;0.00;Y;N;SYS;2014-07-19 10:19:03.753;NULL;NULL
608;01871;NULL;0.00;0.00;Y;N;SYS;2014-07-19 10:19:03.753;NULL;NULL
609;01872;NULL;0.00;0.00;Y;N;SYS;2014-07-19 10:19:03.753;NULL;NULL
610;01873;NULL;0.00;0.00;Y;N;SYS;2014-07-19 10:19:03.753;NULL;NULL
611;01874;NULL;0.00;0.00;Y;N;SYS;2014-07-19 10:19:03.753;NULL;NULL
612;01875;NULL;0.00;0.00;Y;N;SYS;2014-07-19 10:19:03.753;NULL;NULL
613;01876;NULL;0.00;0.00;Y;N;SYS;2014-07-19 10:19:03.753;NULL;NULL
614;01878;NULL;0.00;0.00;Y;N;SYS;2014-07-19 10:19:03.753;NULL;NULL
615;01879;NULL;0.00;0.00;Y;N;SYS;2014-07-19 10:19:03.753;NULL;NULL
616;01880;NULL;0.00;0.00;Y;N;SYS;2014-07-19 10:19:03.753;NULL;NULL
617;01881;NULL;0.00;0.00;Y;N;SYS;2014-07-19 10:19:03.753;NULL;NULL
618;01882;NULL;0.00;0.00;Y;N;SYS;2014-07-19 10:19:03.753;NULL;NULL
619;01884;NULL;0.00;0.00;Y;N;SYS;2014-07-19 10:19:03.753;NULL;NULL
620;01885;NULL;0.00;0.00;Y;N;SYS;2014-07-19 10:19:03.753;NULL;NULL
621;01886;NULL;0.00;0.00;Y;N;SYS;2014-07-19 10:19:03.753;NULL;NULL
622;01887;NULL;0.00;0.00;Y;N;SYS;2014-07-19 10:19:03.753;NULL;NULL
623;01888;NULL;0.00;0.00;Y;N;SYS;2014-07-19 10:19:03.753;NULL;NULL
624;01890;NULL;0.00;0.00;Y;N;SYS;2014-07-19 10:19:03.753;NULL;NULL
625;01891;NULL;0.00;0.00;Y;N;SYS;2014-07-19 10:19:03.753;NULL;NULL
626;01892;NULL;0.00;0.00;Y;N;SYS;2014-07-19 10:19:03.753;NULL;NULL
627;01893;NULL;0.00;0.00;Y;N;SYS;2014-07-19 10:19:03.753;NULL;NULL
628;01894;NULL;0.00;0.00;Y;N;SYS;2014-07-19 10:19:03.753;NULL;NULL
629;01895;NULL;0.00;0.00;Y;N;SYS;2014-07-19 10:19:03.753;NULL;NULL
630;01896;NULL;0.00;0.00;Y;N;SYS;2014-07-19 10:19:03.753;NULL;NULL
631;01897;NULL;0.00;0.00;Y;N;SYS;2014-07-19 10:19:03.753;NULL;NULL
632;01899;NULL;0.00;0.00;Y;N;SYS;2014-07-19 10:19:03.753;NULL;NULL
633;01900;NULL;0.00;0.00;Y;N;SYS;2014-07-19 10:19:03.753;NULL;NULL
634;01901;NULL;20.00;0.00;Y;N;SYS;2014-07-19 10:19:03.753;NULL;2026-02-26 13:33:48.817
635;01902;NULL;0.00;0.00;Y;N;SYS;2014-07-19 10:19:03.753;NULL;NULL
636;01903;NULL;0.00;0.00;Y;N;SYS;2014-07-19 10:19:03.753;NULL;NULL
637;01904;NULL;1.00;0.00;Y;N;SYS;2014-07-19 10:19:03.753;NULL;2023-09-06 01:11:20.500
638;01905;NULL;0.00;0.00;Y;N;SYS;2014-07-19 10:19:03.753;NULL;NULL
639;01906;NULL;0.00;0.00;Y;N;SYS;2014-07-19 10:19:03.753;NULL;NULL
640;01907;NULL;0.00;0.00;Y;N;SYS;2014-07-19 10:19:03.753;NULL;NULL
641;01908;NULL;0.00;0.00;Y;N;SYS;2014-07-19 10:19:03.753;NULL;NULL
642;01909;NULL;0.00;0.00;Y;N;SYS;2014-07-19 10:19:03.753;NULL;NULL
643;01910;NULL;0.00;0.00;Y;N;SYS;2014-07-19 10:19:03.753;NULL;NULL
644;01911;NULL;0.00;0.00;Y;N;SYS;2014-07-19 10:19:03.753;NULL;NULL
645;01912;NULL;0.00;0.00;Y;N;SYS;2014-07-19 10:19:03.753;NULL;NULL
646;01913;NULL;0.00;0.00;Y;N;SYS;2014-07-19 10:19:03.753;NULL;NULL
647;01914;NULL;0.00;0.00;Y;N;SYS;2014-07-19 10:19:03.753;NULL;NULL
648;01915;NULL;0.00;0.00;Y;N;SYS;2014-07-19 10:19:03.753;NULL;NULL
649;01916;NULL;0.00;0.00;Y;N;SYS;2014-07-19 10:19:03.753;NULL;NULL
650;01917;NULL;0.00;0.00;Y;N;SYS;2014-07-19 10:19:03.753;NULL;NULL
651;01918;NULL;0.00;0.00;Y;N;SYS;2014-07-19 10:19:03.753;NULL;NULL
652;01919;NULL;0.00;0.00;Y;N;SYS;2014-07-19 10:19:03.753;NULL;NULL
653;01920;NULL;0.00;0.00;Y;N;SYS;2014-07-19 10:19:03.753;NULL;NULL
654;01921;NULL;0.00;0.00;Y;N;SYS;2014-07-19 10:19:03.753;NULL;NULL
655;01923;NULL;0.00;0.00;Y;N;SYS;2014-07-19 10:19:03.753;NULL;NULL
656;01924;NULL;0.00;0.00;Y;N;SYS;2014-07-19 10:19:03.753;NULL;NULL
657;01925;NULL;0.00;0.00;Y;N;SYS;2014-07-19 10:19:03.753;NULL;NULL
658;01926;NULL;0.00;0.00;Y;N;SYS;2014-07-19 10:19:03.753;NULL;NULL
659;01927;NULL;0.00;0.00;Y;N;SYS;2014-07-19 10:19:03.753;NULL;NULL
660;01928;NULL;0.00;0.00;Y;N;SYS;2014-07-19 10:19:03.753;NULL;NULL
661;01929;NULL;0.00;0.00;Y;N;SYS;2014-07-19 10:19:03.753;NULL;NULL
662;01930;NULL;0.00;0.00;Y;N;SYS;2014-07-19 10:19:03.753;NULL;NULL
663;01931;NULL;0.00;0.00;Y;N;SYS;2014-07-19 10:19:03.753;NULL;NULL
664;01934;NULL;0.00;0.00;Y;N;SYS;2014-07-19 10:19:03.753;NULL;NULL
665;01935;NULL;0.00;0.00;Y;N;SYS;2014-07-19 10:19:03.753;NULL;NULL
666;01936;NULL;1.00;0.00;Y;N;SYS;2014-07-19 10:19:03.753;NULL;NULL
667;01937;NULL;0.00;0.00;Y;N;SYS;2014-07-19 10:19:03.753;NULL;NULL
668;01938;NULL;0.00;0.00;Y;N;SYS;2014-07-19 10:19:03.753;NULL;NULL
669;01939;NULL;0.00;0.00;Y;N;SYS;2014-07-19 10:19:03.753;NULL;NULL
670;01940;NULL;0.00;0.00;Y;N;SYS;2014-07-19 10:19:03.753;NULL;NULL
671;01941;NULL;0.00;0.00;Y;N;SYS;2014-07-19 10:19:03.753;NULL;NULL
672;01942;NULL;0.00;0.00;Y;N;SYS;2014-07-19 10:19:03.753;NULL;NULL
673;01943;NULL;0.00;0.00;Y;N;SYS;2014-07-19 10:19:03.753;NULL;NULL
674;01944;NULL;0.00;0.00;Y;N;SYS;2014-07-19 10:19:03.753;NULL;NULL
675;01945;NULL;0.00;0.00;Y;N;SYS;2014-07-19 10:19:03.753;NULL;NULL
676;01946;NULL;0.00;0.00;Y;N;SYS;2014-07-19 10:19:03.753;NULL;NULL
677;01947;NULL;0.00;0.00;Y;N;SYS;2014-07-19 10:19:03.753;NULL;NULL
678;01948;NULL;0.00;0.00;Y;N;SYS;2014-07-19 10:19:03.753;NULL;NULL
679;01949;NULL;0.00;0.00;Y;N;SYS;2014-07-19 10:19:03.753;NULL;NULL
680;01950;NULL;1.00;0.00;Y;N;SYS;2014-07-19 10:19:03.753;NULL;NULL
681;01951;NULL;0.00;0.00;Y;N;SYS;2014-07-19 10:19:03.753;NULL;NULL
682;01952;NULL;0.00;0.00;Y;N;SYS;2014-07-19 10:19:03.753;NULL;NULL
683;01953;NULL;0.00;0.00;Y;N;SYS;2014-07-19 10:19:03.753;NULL;NULL
684;01954;NULL;0.00;0.00;Y;N;SYS;2014-07-19 10:19:03.753;NULL;NULL
685;01955;NULL;0.00;0.00;Y;N;SYS;2014-07-19 10:19:03.753;NULL;NULL
686;01956;NULL;0.00;0.00;Y;N;SYS;2014-07-19 10:19:03.753;NULL;NULL
687;01957;NULL;0.00;0.00;Y;N;SYS;2014-07-19 10:19:03.753;NULL;NULL
688;01958;NULL;0.00;0.00;Y;N;SYS;2014-07-19 10:19:03.753;NULL;NULL
689;01959;NULL;179.80;0.00;Y;N;SYS;2014-07-19 10:19:03.753;NULL;2024-04-25 17:27:52.453
690;01960;NULL;0.00;0.00;Y;N;SYS;2014-07-19 10:19:03.753;NULL;NULL
691;01961;NULL;0.00;0.00;Y;N;SYS;2014-07-19 10:19:03.753;NULL;NULL
692;01962;NULL;0.00;0.00;Y;N;SYS;2014-07-19 10:19:03.753;NULL;NULL
693;01963;NULL;0.00;0.00;Y;N;SYS;2014-07-19 10:19:03.753;NULL;NULL
694;01964;NULL;0.00;0.00;Y;N;SYS;2014-07-19 10:19:03.753;NULL;NULL
695;01965;NULL;0.00;0.00;Y;N;SYS;2014-07-19 10:19:03.753;NULL;NULL
696;01966;NULL;0.00;0.00;Y;N;SYS;2014-07-19 10:19:03.753;NULL;NULL
697;01967;NULL;0.00;0.00;Y;N;SYS;2014-07-19 10:19:03.753;NULL;NULL
698;01968;NULL;0.00;0.00;Y;N;SYS;2014-07-19 10:19:03.753;NULL;NULL
699;01969;NULL;0.00;0.00;Y;N;SYS;2014-07-19 10:19:03.753;NULL;NULL
700;01970;NULL;0.00;0.00;Y;N;SYS;2014-07-19 10:19:03.753;NULL;NULL
701;01971;NULL;0.00;0.00;Y;N;SYS;2014-07-19 10:19:03.753;NULL;NULL
702;01972;NULL;1.00;0.00;Y;N;SYS;2014-07-19 10:19:03.753;NULL;NULL
703;01974;NULL;0.00;0.00;Y;N;SYS;2014-07-19 10:19:03.753;NULL;NULL
704;01975;NULL;0.00;0.00;Y;N;SYS;2014-07-19 10:19:03.753;NULL;NULL
705;01976;NULL;2.00;0.00;Y;N;SYS;2014-07-19 10:19:03.753;NULL;2015-12-15 10:23:56.723
706;01977;NULL;2.00;0.00;Y;N;SYS;2014-07-19 10:19:03.753;NULL;2016-02-09 10:01:46.333
707;01978;NULL;0.00;0.00;Y;N;SYS;2014-07-19 10:19:03.753;NULL;NULL
708;01979;NULL;0.00;0.00;Y;N;SYS;2014-07-19 10:19:03.753;NULL;NULL
709;01980;NULL;0.00;0.00;Y;N;SYS;2014-07-19 10:19:03.753;NULL;NULL
710;01981;NULL;0.00;0.00;Y;N;SYS;2014-07-19 10:19:03.753;NULL;NULL
711;01982;NULL;0.00;0.00;Y;N;SYS;2014-07-19 10:19:03.753;NULL;NULL
712;01983;NULL;0.00;0.00;Y;N;SYS;2014-07-19 10:19:03.753;NULL;NULL
713;01984;NULL;0.00;0.00;Y;N;SYS;2014-07-19 10:19:03.753;NULL;NULL
714;01985;NULL;2.00;0.00;Y;N;SYS;2014-07-19 10:19:03.753;NULL;2016-12-19 15:20:49.793
715;01986;NULL;0.00;0.00;Y;N;SYS;2014-07-19 10:19:03.753;NULL;2015-07-03 14:41:54.100
716;01987;NULL;2.00;0.00;Y;N;SYS;2014-07-19 10:19:03.753;NULL;2016-12-28 13:43:46.223
717;01988;NULL;0.00;0.00;Y;N;SYS;2014-07-19 10:19:03.753;NULL;NULL
718;01989;NULL;0.00;0.00;Y;N;SYS;2014-07-19 10:19:03.753;NULL;NULL
719;01990;NULL;0.00;0.00;Y;N;SYS;2014-07-19 10:19:03.753;NULL;NULL
720;01991;NULL;0.00;0.00;Y;N;SYS;2014-07-19 10:19:03.753;NULL;NULL
721;01992;NULL;0.00;0.00;Y;N;SYS;2014-07-19 10:19:03.753;NULL;NULL
722;01993;NULL;0.00;0.00;Y;N;SYS;2014-07-19 10:19:03.753;NULL;NULL
723;01994;NULL;0.00;0.00;Y;N;SYS;2014-07-19 10:19:03.753;NULL;NULL
724;01995;NULL;0.00;0.00;Y;N;SYS;2014-07-19 10:19:03.753;NULL;NULL
725;01996;NULL;0.00;0.00;Y;N;SYS;2014-07-19 10:19:03.753;NULL;NULL
726;01997;NULL;0.00;0.00;Y;N;SYS;2014-07-19 10:19:03.753;NULL;NULL
727;01998;NULL;0.00;0.00;Y;N;SYS;2014-07-19 10:19:03.753;NULL;NULL
728;01999;NULL;0.00;0.00;Y;N;SYS;2014-07-19 10:19:03.753;NULL;NULL
729;02000;NULL;1.00;0.00;Y;N;SYS;2014-07-19 10:19:03.753;NULL;2016-01-05 07:37:15.827
730;02001;NULL;0.00;0.00;Y;N;SYS;2014-07-19 10:19:03.753;NULL;NULL
731;02002;NULL;0.00;0.00;Y;N;SYS;2014-07-19 10:19:03.753;NULL;NULL
732;02003;NULL;1.00;0.00;Y;N;SYS;2014-07-19 10:19:03.753;NULL;2025-09-10 10:07:50.140
733;02004;NULL;0.00;0.00;Y;N;SYS;2014-07-19 10:19:03.753;NULL;NULL
734;02005;NULL;0.00;0.00;Y;N;SYS;2014-07-19 10:19:03.753;NULL;NULL
735;02006;NULL;0.00;0.00;Y;N;SYS;2014-07-19 10:19:03.753;NULL;NULL
736;02007;NULL;0.00;0.00;Y;N;SYS;2014-07-19 10:19:03.753;NULL;NULL
737;02008;NULL;0.00;0.00;Y;N;SYS;2014-07-19 10:19:03.753;NULL;NULL
738;02009;NULL;0.00;0.00;Y;N;SYS;2014-07-19 10:19:03.753;NULL;NULL
739;02010;NULL;0.00;0.00;Y;N;SYS;2014-07-19 10:19:03.753;NULL;NULL
740;02011;NULL;0.00;0.00;Y;N;SYS;2014-07-19 10:19:03.753;NULL;NULL
741;02012;NULL;1.00;0.00;Y;N;SYS;2014-07-19 10:19:03.753;NULL;NULL
742;02013;NULL;0.00;0.00;Y;N;SYS;2014-07-19 10:19:03.753;NULL;NULL
743;02014;NULL;0.00;0.00;Y;N;SYS;2014-07-19 10:19:03.753;NULL;NULL
744;02015;NULL;0.00;0.00;Y;N;SYS;2014-07-19 10:19:03.753;NULL;NULL
745;02016;NULL;0.00;0.00;Y;N;SYS;2014-07-19 10:19:03.753;NULL;NULL
746;02017;NULL;0.00;0.00;Y;N;SYS;2014-07-19 10:19:03.753;NULL;NULL
747;02018;NULL;0.00;0.00;Y;N;SYS;2014-07-19 10:19:03.753;NULL;NULL
748;02019;NULL;1.00;0.00;Y;N;SYS;2014-07-19 10:19:03.753;NULL;2015-11-21 07:42:53.967
749;02020;NULL;0.00;0.00;Y;N;SYS;2014-07-19 10:19:03.753;NULL;NULL
750;02021;NULL;0.00;0.00;Y;N;SYS;2014-07-19 10:19:03.753;NULL;NULL
751;02022;NULL;0.00;0.00;Y;N;SYS;2014-07-19 10:19:03.753;NULL;NULL
752;02023;NULL;0.00;0.00;Y;N;SYS;2014-07-19 10:19:03.753;NULL;NULL
753;02024;NULL;0.00;0.00;Y;N;SYS;2014-07-19 10:19:03.753;NULL;NULL
754;02025;NULL;0.00;0.00;Y;N;SYS;2014-07-19 10:19:03.753;NULL;NULL
755;02026;NULL;0.00;0.00;Y;N;SYS;2014-07-19 10:19:03.753;NULL;NULL
756;02027;NULL;4.00;0.00;Y;N;SYS;2014-07-19 10:19:03.753;NULL;2015-12-15 10:23:56.713
757;02028;NULL;0.00;0.00;Y;N;SYS;2014-07-19 10:19:03.753;NULL;NULL
758;02029;NULL;0.00;0.00;Y;N;SYS;2014-07-19 10:19:03.753;NULL;NULL
759;02030;NULL;1.00;0.00;Y;N;SYS;2014-07-19 10:19:03.753;NULL;NULL
760;02031;NULL;0.00;0.00;Y;N;SYS;2014-07-19 10:19:03.753;NULL;NULL
761;02032;NULL;0.00;0.00;Y;N;SYS;2014-07-19 10:19:03.753;NULL;NULL
762;02033;NULL;0.00;0.00;Y;N;SYS;2014-07-19 10:19:03.753;NULL;NULL
763;02034;NULL;0.00;0.00;Y;N;SYS;2014-07-19 10:19:03.753;NULL;NULL
764;02035;NULL;0.00;0.00;Y;N;SYS;2014-07-19 10:19:03.753;NULL;NULL
765;02036;NULL;0.00;0.00;Y;N;SYS;2014-07-19 10:19:03.753;NULL;NULL
766;02037;NULL;0.00;0.00;Y;N;SYS;2014-07-19 10:19:03.753;NULL;NULL
767;02038;NULL;0.00;0.00;Y;N;SYS;2014-07-19 10:19:03.753;NULL;NULL
768;02039;NULL;0.00;0.00;Y;N;SYS;2014-07-19 10:19:03.753;NULL;NULL
769;02040;NULL;0.00;0.00;Y;N;SYS;2014-07-19 10:19:03.753;NULL;NULL
770;02041;NULL;0.00;0.00;Y;N;SYS;2014-07-19 10:19:03.753;NULL;NULL
771;02042;NULL;0.00;0.00;Y;N;SYS;2014-07-19 10:19:03.753;NULL;NULL
772;02043;NULL;0.00;0.00;Y;N;SYS;2014-07-19 10:19:03.753;NULL;NULL
773;02044;NULL;0.00;0.00;Y;N;SYS;2014-07-19 10:19:03.753;NULL;NULL
774;02045;NULL;2.00;0.00;Y;N;SYS;2014-07-19 10:19:03.753;NULL;NULL
775;02046;NULL;4.00;0.00;Y;N;SYS;2014-07-19 10:19:03.753;NULL;2016-02-09 10:01:46.340
776;02047;NULL;0.00;0.00;Y;N;SYS;2014-07-19 10:19:03.753;NULL;NULL
777;02048;NULL;0.00;0.00;Y;N;SYS;2014-07-19 10:19:03.753;NULL;NULL
778;02049;NULL;0.00;0.00;Y;N;SYS;2014-07-19 10:19:03.753;NULL;NULL
779;02050;NULL;0.00;0.00;Y;N;SYS;2014-07-19 10:19:03.753;NULL;NULL
780;02051;NULL;0.00;0.00;Y;N;SYS;2014-07-19 10:19:03.753;NULL;NULL
781;02052;NULL;0.00;0.00;Y;N;SYS;2014-07-19 10:19:03.753;NULL;NULL
782;02053;NULL;0.00;0.00;Y;N;SYS;2014-07-19 10:19:03.753;NULL;NULL
783;02054;NULL;1.00;0.00;Y;N;SYS;2014-07-19 10:19:03.753;NULL;NULL
784;02055;NULL;0.00;0.00;Y;N;SYS;2014-07-19 10:19:03.753;NULL;NULL
785;02056;NULL;0.00;0.00;Y;N;SYS;2014-07-19 10:19:03.753;NULL;NULL
786;02057;NULL;0.00;0.00;Y;N;SYS;2014-07-19 10:19:03.753;NULL;NULL
787;02058;NULL;0.00;0.00;Y;N;SYS;2014-07-19 10:19:03.753;NULL;NULL
788;02059;NULL;0.00;0.00;Y;N;SYS;2014-07-19 10:19:03.753;NULL;NULL
789;02060;NULL;0.00;0.00;Y;N;SYS;2014-07-19 10:19:03.753;NULL;NULL
790;02061;NULL;0.00;0.00;Y;N;SYS;2014-07-19 10:19:03.753;NULL;NULL
791;02062;NULL;0.00;0.00;Y;N;SYS;2014-07-19 10:19:03.753;NULL;NULL
792;02063;NULL;0.00;0.00;Y;N;SYS;2014-07-19 10:19:03.753;NULL;NULL
793;02064;NULL;0.00;0.00;Y;N;SYS;2014-07-19 10:19:03.753;NULL;NULL
794;02065;NULL;0.00;0.00;Y;N;SYS;2014-07-19 10:19:03.753;NULL;NULL
795;02066;NULL;0.00;0.00;Y;N;SYS;2014-07-19 10:19:03.753;NULL;NULL
796;02067;NULL;0.00;0.00;Y;N;SYS;2014-07-19 10:19:03.753;NULL;NULL
797;02068;NULL;0.00;0.00;Y;N;SYS;2014-07-19 10:19:03.753;NULL;NULL
798;02069;NULL;0.00;0.00;Y;N;SYS;2014-07-19 10:19:03.753;NULL;NULL
799;02070;NULL;0.00;0.00;Y;N;SYS;2014-07-19 10:19:03.753;NULL;2016-06-17 14:58:18.873
800;02071;NULL;0.00;0.00;Y;N;SYS;2014-07-19 10:19:03.753;NULL;NULL
801;02072;NULL;0.00;0.00;Y;N;SYS;2014-07-19 10:19:03.753;NULL;NULL
802;02073;NULL;0.00;0.00;Y;N;SYS;2014-07-19 10:19:03.753;NULL;NULL
803;02074;NULL;0.00;0.00;Y;N;SYS;2014-07-19 10:19:03.753;NULL;NULL
804;02075;NULL;0.00;0.00;Y;N;SYS;2014-07-19 10:19:03.753;NULL;NULL
805;02076;NULL;0.00;0.00;Y;N;SYS;2014-07-19 10:19:03.753;NULL;NULL
806;02077;NULL;1.00;0.00;Y;N;SYS;2014-07-19 10:19:03.753;NULL;2015-07-03 14:07:29.620
807;02078;NULL;1.00;0.00;Y;N;SYS;2014-07-19 10:19:03.753;NULL;NULL
808;02079;NULL;0.00;0.00;Y;N;SYS;2014-07-19 10:19:03.753;NULL;NULL
809;02080;NULL;0.00;0.00;Y;N;SYS;2014-07-19 10:19:03.753;NULL;NULL
810;02081;NULL;0.00;0.00;Y;N;SYS;2014-07-19 10:19:03.753;NULL;NULL
811;02083;NULL;0.00;0.00;Y;N;SYS;2014-07-19 10:19:03.753;NULL;NULL
812;02084;NULL;1.00;0.00;Y;N;SYS;2014-07-19 10:19:03.753;NULL;2015-07-03 14:04:51.253
813;02085;NULL;1.00;0.00;Y;N;SYS;2014-07-19 10:19:03.753;NULL;NULL
814;02086;NULL;0.00;0.00;Y;N;SYS;2014-07-19 10:19:03.753;NULL;NULL
815;02087;NULL;0.00;0.00;Y;N;SYS;2014-07-19 10:19:03.753;NULL;NULL
816;02088;NULL;0.00;0.00;Y;N;SYS;2014-07-19 10:19:03.753;NULL;NULL
817;02089;NULL;0.00;0.00;Y;N;SYS;2014-07-19 10:19:03.753;NULL;NULL
818;02090;NULL;0.00;0.00;Y;N;SYS;2014-07-19 10:19:03.753;NULL;NULL
819;02091;NULL;0.00;0.00;Y;N;SYS;2014-07-19 10:19:03.753;NULL;NULL
820;02092;NULL;0.00;0.00;Y;N;SYS;2014-07-19 10:19:03.753;NULL;NULL
821;02093;NULL;0.00;0.00;Y;N;SYS;2014-07-19 10:19:03.753;NULL;NULL
822;02094;NULL;0.00;0.00;Y;N;SYS;2014-07-19 10:19:03.753;NULL;NULL
823;02095;NULL;4.00;0.00;Y;N;SYS;2014-07-19 10:19:03.753;NULL;2023-02-03 15:30:02.080
824;02096;NULL;0.00;0.00;Y;N;SYS;2014-07-19 10:19:03.753;NULL;NULL
825;02097;NULL;0.00;0.00;Y;N;SYS;2014-07-19 10:19:03.753;NULL;NULL
826;02098;NULL;0.00;0.00;Y;N;SYS;2014-07-19 10:19:03.753;NULL;NULL
827;02099;NULL;0.00;0.00;Y;N;SYS;2014-07-19 10:19:03.753;NULL;NULL
828;02100;NULL;1.00;0.00;Y;N;SYS;2014-07-19 10:19:03.753;NULL;2016-01-20 10:40:55.337
829;02101;NULL;1.00;0.00;Y;N;SYS;2014-07-19 10:19:03.753;NULL;NULL
830;02102;NULL;0.00;0.00;Y;N;SYS;2014-07-19 10:19:03.753;NULL;NULL
831;02103;NULL;0.00;0.00;Y;N;SYS;2014-07-19 10:19:03.753;NULL;NULL
832;02104;NULL;0.00;0.00;Y;N;SYS;2014-07-19 10:19:03.753;NULL;NULL
833;02105;NULL;0.00;0.00;Y;N;SYS;2014-07-19 10:19:03.753;NULL;NULL
834;02106;NULL;0.00;0.00;Y;N;SYS;2014-07-19 10:19:03.753;NULL;NULL
835;02107;NULL;2.00;0.00;Y;N;SYS;2014-07-19 10:19:03.753;NULL;2015-08-05 15:23:43.813
836;02108;NULL;2.00;0.00;Y;N;SYS;2014-07-19 10:19:03.753;NULL;2015-08-05 15:23:43.820
837;02109;NULL;2.00;0.00;Y;N;SYS;2014-07-19 10:19:03.753;NULL;2015-08-05 15:23:43.827
838;02110;NULL;2.00;0.00;Y;N;SYS;2014-07-19 10:19:03.753;NULL;2015-08-05 15:23:43.833
839;02111;NULL;0.00;0.00;Y;N;SYS;2014-07-19 10:19:03.753;NULL;NULL
840;02112;NULL;1.00;0.00;Y;N;SYS;2014-07-19 10:19:03.753;NULL;NULL
841;02113;NULL;0.00;0.00;Y;N;SYS;2014-07-19 10:19:03.753;NULL;NULL
842;02114;NULL;0.00;0.00;Y;N;SYS;2014-07-19 10:19:03.753;NULL;NULL
843;02115;NULL;0.00;0.00;Y;N;SYS;2014-07-19 10:19:03.753;NULL;NULL
844;02116;NULL;0.00;0.00;Y;N;SYS;2014-07-19 10:19:03.753;NULL;NULL
845;02117;NULL;1.00;0.00;Y;N;SYS;2014-07-19 10:19:03.753;NULL;NULL
846;02118;NULL;0.00;0.00;Y;N;SYS;2014-07-19 10:19:03.753;NULL;NULL
847;02119;NULL;0.00;0.00;Y;N;SYS;2014-07-19 10:19:03.753;NULL;NULL
848;02120;NULL;0.00;0.00;Y;N;SYS;2014-07-19 10:19:03.753;NULL;NULL
849;02121;NULL;0.00;0.00;Y;N;SYS;2014-07-19 10:19:03.753;NULL;NULL
850;02122;NULL;0.00;0.00;Y;N;SYS;2014-07-19 10:19:03.753;NULL;NULL
851;02123;NULL;0.00;0.00;Y;N;SYS;2014-07-19 10:19:03.753;NULL;NULL
852;02124;NULL;0.00;0.00;Y;N;SYS;2014-07-19 10:19:03.753;NULL;NULL
853;02125;NULL;0.00;0.00;Y;N;SYS;2014-07-19 10:19:03.753;NULL;NULL
854;02126;NULL;0.00;0.00;Y;N;SYS;2014-07-19 10:19:03.753;NULL;NULL
855;02127;NULL;0.00;0.00;Y;N;SYS;2014-07-19 10:19:03.753;NULL;NULL
856;02128;NULL;1.00;0.00;Y;N;SYS;2014-07-19 10:19:03.753;NULL;NULL
857;02129;NULL;0.00;0.00;Y;N;SYS;2014-07-19 10:19:03.753;NULL;NULL
858;02130;NULL;1.00;0.00;Y;N;SYS;2014-07-19 10:19:03.753;NULL;NULL
859;02131;NULL;0.00;0.00;Y;N;SYS;2014-07-19 10:19:03.753;NULL;NULL
860;02132;NULL;2.00;0.00;Y;N;SYS;2014-07-19 10:19:03.753;NULL;2025-01-08 10:33:15.580
861;02133;NULL;0.00;0.00;Y;N;SYS;2014-07-19 10:19:03.753;NULL;NULL
862;02134;NULL;0.00;0.00;Y;N;SYS;2014-07-19 10:19:03.753;NULL;NULL
863;02135;NULL;0.00;0.00;Y;N;SYS;2014-07-19 10:19:03.753;NULL;NULL
864;02136;NULL;0.00;0.00;Y;N;SYS;2014-07-19 10:19:03.753;NULL;NULL
865;10002;NULL;13848.00;0.00;Y;N;SYS;2014-07-19 10:19:03.753;UPLOAD;2026-01-29 15:56:42.013
866;10003;NULL;0.00;0.00;Y;N;SYS;2014-07-19 10:19:03.753;UPLOAD;2017-01-13 09:34:39.260
867;10004;NULL;0.00;0.00;Y;N;SYS;2014-07-19 10:19:03.753;UPLOAD;2026-02-23 16:22:48.670
868;10007;NULL;13164.00;0.00;Y;N;SYS;2014-07-19 10:19:03.753;Febryan Y. Andika;2026-03-11 16:57:33.830
869;10008;NULL;0.00;0.00;Y;N;SYS;2014-07-19 10:19:03.753;NULL;NULL
870;10010;NULL;0.00;0.00;Y;N;SYS;2014-07-19 10:19:03.753;NULL;NULL
871;10013;NULL;0.00;0.00;Y;N;SYS;2014-07-19 10:19:03.753;NULL;2021-11-12 14:59:12.463
872;10014;NULL;0.00;0.00;Y;N;SYS;2014-07-19 10:19:03.753;NULL;2026-02-06 15:55:22.187
873;10015;NULL;0.00;0.00;Y;N;SYS;2014-07-19 10:19:03.753;NULL;2026-02-06 15:55:22.123
874;10016;NULL;0.00;0.00;Y;N;SYS;2014-07-19 10:19:03.753;NULL;2026-02-06 15:55:22.240
875;10017;NULL;0.00;0.00;Y;N;SYS;2014-07-19 10:19:03.753;NULL;NULL
876;10018;NULL;0.00;0.00;Y;N;SYS;2014-07-19 10:19:03.753;NULL;2026-02-06 15:56:49.263
877;10019;NULL;0.00;0.00;Y;N;SYS;2014-07-19 10:19:03.753;NULL;2025-10-22 09:22:38.440
878;10020;NULL;0.00;0.00;Y;N;SYS;2014-07-19 10:19:03.753;NULL;2025-10-22 09:26:06.403
879;10021;NULL;0.00;0.00;Y;N;SYS;2014-07-19 10:19:03.753;NULL;2025-10-20 15:58:30.537
880;10022;NULL;0.00;0.00;Y;N;SYS;2014-07-19 10:19:03.753;NULL;2025-10-22 09:26:06.357
881;10023;NULL;0.00;0.00;Y;N;SYS;2014-07-19 10:19:03.753;UPLOAD;2022-08-22 14:06:48.340
882;10024;NULL;23.82;0.00;Y;N;SYS;2014-07-19 10:19:03.753;NULL;2026-02-06 15:56:49.360
883;10026;NULL;0.00;0.00;Y;N;SYS;2014-07-19 10:19:03.753;NULL;2025-02-19 16:33:59.800
884;10027;NULL;0.00;0.00;Y;N;SYS;2014-07-19 10:19:03.753;NULL;2025-10-22 09:26:06.500
885;10028;NULL;0.00;0.00;Y;N;SYS;2014-07-19 10:19:03.753;NULL;NULL
886;10038;NULL;0.00;0.00;Y;N;SYS;2014-07-19 10:19:03.753;UPLOAD;2018-02-05 13:58:48.283
887;10039;NULL;0.00;0.00;Y;N;SYS;2014-07-19 10:19:03.753;NULL;NULL
888;10046;NULL;8.00;0.00;Y;N;SYS;2014-07-19 10:19:03.753;NULL;2025-07-18 11:47:39.560
889;10050;NULL;0.00;0.00;Y;N;SYS;2014-07-19 10:19:03.753;NULL;2015-10-29 11:25:02.733
890;10051;NULL;0.00;0.00;Y;N;SYS;2014-07-19 10:19:03.753;NULL;NULL
891;10052;NULL;0.00;0.00;Y;N;SYS;2014-07-19 10:19:03.753;NULL;NULL
892;10053;NULL;0.00;0.00;Y;N;SYS;2014-07-19 10:19:03.753;NULL;NULL
893;10054;NULL;0.00;0.00;Y;N;SYS;2014-07-19 10:19:03.753;NULL;NULL
894;10055;NULL;0.00;0.00;Y;N;SYS;2014-07-19 10:19:03.753;NULL;NULL
895;10056;NULL;0.00;0.00;Y;N;SYS;2014-07-19 10:19:03.753;NULL;NULL
896;10057;NULL;107998.00;0.00;Y;N;SYS;2014-07-19 10:19:03.753;NULL;2025-02-25 11:09:46.140
897;10058;NULL;0.00;0.00;Y;N;SYS;2014-07-19 10:19:03.753;NULL;NULL
898;10059;NULL;0.00;0.00;Y;N;SYS;2014-07-19 10:19:03.753;NULL;NULL
899;10060;NULL;0.00;0.00;Y;N;SYS;2014-07-19 10:19:03.753;NULL;NULL
900;20001;NULL;21000.00;0.00;Y;N;SYS;2014-07-19 10:19:03.753;Febryan Y. Andika;2026-03-11 16:44:07.133
901;20002;NULL;0.00;0.00;Y;N;SYS;2014-07-19 10:19:03.753;UPLOAD;2026-01-23 17:26:36.947
902;20003;NULL;0.00;0.00;Y;N;SYS;2014-07-19 10:19:03.753;Febryan Y. Andika;2015-11-13 17:40:32.200
903;20006;NULL;20640.00;0.00;Y;N;SYS;2014-07-19 10:19:03.753;NULL;2025-12-10 15:39:47.777
904;20007;NULL;0.00;0.00;Y;N;SYS;2014-07-19 10:19:03.753;NULL;NULL
905;20008;NULL;0.00;0.00;Y;N;SYS;2014-07-19 10:19:03.753;NULL;NULL
906;20009;NULL;0.00;0.00;Y;N;SYS;2014-07-19 10:19:03.753;NULL;NULL
907;20010;NULL;0.00;0.00;Y;N;SYS;2014-07-19 10:19:03.753;Febryan Y. Andika;2015-11-21 11:28:57.453
908;20011;NULL;0.00;0.00;Y;N;SYS;2014-07-19 10:19:03.753;UPLOAD;2017-05-31 17:26:46.793
909;20014;NULL;0.00;0.00;Y;N;SYS;2014-07-19 10:19:03.753;NULL;NULL
910;20015;NULL;0.00;0.00;Y;N;SYS;2014-07-19 10:19:03.753;NULL;NULL
911;20016;NULL;52550.00;0.00;Y;N;SYS;2014-07-19 10:19:03.753;NULL;NULL
912;20018;NULL;0.00;0.00;Y;N;SYS;2014-07-19 10:19:03.753;NULL;NULL
913;20020;NULL;-17030.00;0.00;Y;N;SYS;2014-07-19 10:19:03.753;NULL;NULL
914;20021;NULL;-79900.00;0.00;Y;N;SYS;2014-07-19 10:19:03.753;Febryan Y. Andika;2020-05-11 09:25:07.700
915;20022;NULL;5106.00;0.00;Y;N;SYS;2014-07-19 10:19:03.753;UPLOAD;2017-08-26 14:42:14.930
916;20025;NULL;0.00;0.00;Y;N;SYS;2014-07-19 10:19:03.753;UPLOAD;2015-08-29 11:29:45.410
917;20026;NULL;120092.00;0.00;Y;N;SYS;2014-07-19 10:19:03.753;NULL;NULL
918;20027;NULL;0.00;0.00;Y;N;SYS;2014-07-19 10:19:03.753;NULL;NULL
919;20028;NULL;0.00;0.00;Y;N;SYS;2014-07-19 10:19:03.753;NULL;NULL
920;20029;NULL;0.00;0.00;Y;N;SYS;2014-07-19 10:19:03.753;NULL;NULL
921;20030;NULL;0.00;0.00;Y;N;SYS;2014-07-19 10:19:03.753;Febryan Y. Andika;2025-09-08 16:20:15.983
922;20032;NULL;0.00;0.00;Y;N;SYS;2014-07-19 10:19:03.753;NULL;NULL
923;20033;NULL;0.00;0.00;Y;N;SYS;2014-07-19 10:19:03.753;NULL;NULL
924;20034;NULL;90348.00;0.00;Y;N;SYS;2014-07-19 10:19:03.753;NULL;NULL
925;20035;NULL;0.00;0.00;Y;N;SYS;2014-07-19 10:19:03.753;UPLOAD;2016-03-19 14:13:10.950
926;20036;NULL;0.00;0.00;Y;N;SYS;2014-07-19 10:19:03.753;UPLOAD;2017-11-16 14:50:01.853
927;20037;NULL;40673.00;0.00;Y;N;SYS;2014-07-19 10:19:03.753;UPLOAD;2019-11-16 13:53:09.477
928;20038;NULL;0.00;0.00;Y;N;SYS;2014-07-19 10:19:03.753;NULL;NULL
929;20039;NULL;0.00;0.00;Y;N;SYS;2014-07-19 10:19:03.753;NULL;2016-10-24 15:45:38.637
930;20040;NULL;0.00;0.00;Y;N;SYS;2014-07-19 10:19:03.753;UPLOAD;2017-11-16 14:50:01.873
931;20041;NULL;0.00;0.00;Y;N;SYS;2014-07-19 10:19:03.753;NULL;NULL
932;20042;NULL;0.00;0.00;Y;N;SYS;2014-07-19 10:19:03.753;NULL;NULL
933;20044;NULL;2646.00;0.00;Y;N;SYS;2014-07-19 10:19:03.753;Febryan Y. Andika;2018-12-06 16:19:43.820
934;30001;NULL;12978.00;0.00;Y;N;SYS;2014-07-19 10:19:03.753;UPLOAD;2026-03-10 14:43:33.763
935;30003;NULL;3093.00;0.00;Y;N;SYS;2014-07-19 10:19:03.753;UPLOAD;2026-02-26 11:50:31.910
936;30004;NULL;7398.00;0.00;Y;N;SYS;2014-07-19 10:19:03.753;NULL;NULL
937;30005;NULL;0.00;0.00;Y;N;SYS;2014-07-19 10:19:03.753;NULL;NULL
938;30006;NULL;0.00;0.00;Y;N;SYS;2014-07-19 10:19:03.753;UPLOAD;2018-02-28 12:43:58.683
939;30009;NULL;0.00;0.00;Y;N;SYS;2014-07-19 10:19:03.753;NULL;NULL
940;30011;NULL;0.00;0.00;Y;N;SYS;2014-07-19 10:19:03.753;UPLOAD;2018-06-29 17:32:54.460
941;30013;NULL;0.00;0.00;Y;N;SYS;2014-07-19 10:19:03.753;UPLOAD;2015-12-23 15:12:46.390
942;30016;NULL;0.00;0.00;Y;N;SYS;2014-07-19 10:19:03.753;SYS;2015-05-31 23:59:59.000
943;30018;NULL;0.00;0.00;Y;N;SYS;2014-07-19 10:19:03.753;UPLOAD;2023-02-08 16:40:39.557
944;30022;NULL;0.00;0.00;Y;N;SYS;2014-07-19 10:19:03.753;NULL;NULL
945;30024;NULL;0.00;0.00;Y;N;SYS;2014-07-19 10:19:03.753;UPLOAD;2018-02-28 12:43:58.703
946;30026;NULL;0.00;0.00;Y;N;SYS;2014-07-19 10:19:03.753;UPLOAD;2020-11-17 14:55:45.937
947;30027;NULL;19074.00;0.00;Y;N;SYS;2014-07-19 10:19:03.753;UPLOAD;2026-03-10 14:29:00.423
948;30029;NULL;0.00;0.00;Y;N;SYS;2014-07-19 10:19:03.753;UPLOAD;2020-12-12 14:39:42.777
949;30030;NULL;0.00;0.00;Y;N;SYS;2014-07-19 10:19:03.753;NULL;NULL
950;30033;NULL;0.00;0.00;Y;N;SYS;2014-07-19 10:19:03.753;SYS;2015-05-31 23:59:59.000
951;30034;NULL;0.00;0.00;Y;N;SYS;2014-07-19 10:19:03.753;NULL;NULL
952;30035;NULL;0.00;0.00;Y;N;SYS;2014-07-19 10:19:03.753;NULL;NULL
953;30036;NULL;0.00;0.00;Y;N;SYS;2014-07-19 10:19:03.753;SYS;2015-05-31 23:59:59.000
954;30037;NULL;0.00;0.00;Y;N;SYS;2014-07-19 10:19:03.753;UPLOAD;2015-10-15 15:48:31.260
955;30038;NULL;0.00;0.00;Y;N;SYS;2014-07-19 10:19:03.753;UPLOAD;2015-12-30 14:16:35.820
956;30039;NULL;0.00;0.00;Y;N;SYS;2014-07-19 10:19:03.753;NULL;NULL
957;30040;NULL;0.00;0.00;Y;N;SYS;2014-07-19 10:19:03.753;NULL;NULL
958;30041;NULL;4995.00;0.00;Y;N;SYS;2014-07-19 10:19:03.753;NULL;2017-04-21 10:15:15.170
959;30042;NULL;0.00;0.00;Y;N;SYS;2014-07-19 10:19:03.753;NULL;NULL
960;30043;NULL;1665.00;0.00;Y;N;SYS;2014-07-19 10:19:03.753;NULL;NULL
961;30044;NULL;0.00;0.00;Y;N;SYS;2014-07-19 10:19:03.753;NULL;NULL
962;30045;NULL;200.00;0.00;Y;N;SYS;2014-07-19 10:19:03.753;NULL;NULL
963;30046;NULL;144340.00;0.00;Y;N;SYS;2014-07-19 10:19:03.753;NULL;2025-08-12 10:55:02.860
964;30047;NULL;0.00;0.00;Y;N;SYS;2014-07-19 10:19:03.753;NULL;NULL
965;30048;NULL;0.00;0.00;Y;N;SYS;2014-07-19 10:19:03.753;NULL;NULL
966;30049;NULL;0.00;0.00;Y;N;SYS;2014-07-19 10:19:03.753;NULL;NULL
967;30050;NULL;0.00;0.00;Y;N;SYS;2014-07-19 10:19:03.753;SYS;2015-05-31 23:59:59.000
968;30052;NULL;0.00;0.00;Y;N;SYS;2014-07-19 10:19:03.753;NULL;NULL
969;30053;NULL;0.00;0.00;Y;N;SYS;2014-07-19 10:19:03.753;NULL;NULL
970;30054;NULL;0.00;0.00;Y;N;SYS;2014-07-19 10:19:03.753;NULL;NULL
971;30055;NULL;0.00;0.00;Y;N;SYS;2014-07-19 10:19:03.753;NULL;NULL
972;30056;NULL;0.00;0.00;Y;N;SYS;2014-07-19 10:19:03.753;UPLOAD;2015-10-15 15:48:31.250
973;30057;NULL;0.00;0.00;Y;N;SYS;2014-07-19 10:19:03.753;NULL;NULL
974;30060;NULL;-200.00;0.00;Y;N;SYS;2014-07-19 10:19:03.753;NULL;NULL
975;30061;NULL;3910.00;0.00;Y;N;SYS;2014-07-19 10:19:03.753;UPLOAD;2026-03-11 16:48:19.190
976;30062;NULL;12959.00;0.00;Y;N;SYS;2014-07-19 10:19:03.753;NULL;NULL
977;30063;NULL;0.00;0.00;Y;N;SYS;2014-07-19 10:19:03.753;NULL;NULL
978;30064;NULL;0.00;0.00;Y;N;SYS;2014-07-19 10:19:03.753;NULL;NULL
979;30065;NULL;0.00;0.00;Y;N;SYS;2014-07-19 10:19:03.753;NULL;NULL
980;30066;NULL;0.00;0.00;Y;N;SYS;2014-07-19 10:19:03.753;NULL;NULL
981;30067;NULL;0.00;0.00;Y;N;SYS;2014-07-19 10:19:03.753;NULL;NULL
982;30068;NULL;0.00;0.00;Y;N;SYS;2014-07-19 10:19:03.753;UPLOAD;2015-12-23 15:12:46.400
983;30069;NULL;0.00;0.00;Y;N;SYS;2014-07-19 10:19:03.753;UPLOAD;2018-06-29 17:32:54.443
984;30070;NULL;0.00;0.00;Y;N;SYS;2014-07-19 10:19:03.753;NULL;NULL
985;30071;NULL;0.00;0.00;Y;N;SYS;2014-07-19 10:19:03.753;UPLOAD;2015-12-23 15:12:46.417
986;30072;NULL;0.00;0.00;Y;N;SYS;2014-07-19 10:19:03.753;NULL;NULL
987;30073;NULL;0.00;0.00;Y;N;SYS;2014-07-19 10:19:03.753;NULL;NULL
988;30074;NULL;5403.00;0.00;Y;N;SYS;2014-07-19 10:19:03.753;NULL;2015-06-22 13:44:44.670
989;30075;NULL;0.00;0.00;Y;N;SYS;2014-07-19 10:19:03.753;NULL;NULL
990;30076;NULL;-6863.00;0.00;Y;N;SYS;2014-07-19 10:19:03.753;NULL;2022-07-28 14:36:59.203
991;30077;NULL;0.00;0.00;Y;N;SYS;2014-07-19 10:19:03.753;NULL;NULL
992;30078;NULL;0.00;0.00;Y;N;SYS;2014-07-19 10:19:03.753;NULL;NULL
993;30079;NULL;0.00;0.00;Y;N;SYS;2014-07-19 10:19:03.753;NULL;NULL
994;30080;NULL;0.00;0.00;Y;N;SYS;2014-07-19 10:19:03.753;NULL;NULL
995;30081;NULL;0.00;0.00;Y;N;SYS;2014-07-19 10:19:03.753;NULL;NULL
996;30082;NULL;8325.00;0.00;Y;N;SYS;2014-07-19 10:19:03.753;NULL;2017-03-17 10:54:51.587
997;30083;NULL;0.00;0.00;Y;N;SYS;2014-07-19 10:19:03.753;NULL;NULL
998;30084;NULL;0.00;0.00;Y;N;SYS;2014-07-19 10:19:03.753;NULL;NULL
999;30085;NULL;0.00;0.00;Y;N;SYS;2014-07-19 10:19:03.753;NULL;NULL
1000;30086;NULL;0.00;0.00;Y;N;SYS;2014-07-19 10:19:03.753;NULL;NULL
